stock_code,corp_name,corp_code,modify_date
000040,KR모터스,00112378,20230331
000050,경방,00101628,20221208
000070,삼양홀딩스,00126937,20230109
000080,하이트진로,00150244,20221228
000100,유한양행,00145109,20230208
000120,CJ대한통운,00113410,20230105
000140,하이트진로홀딩스,00148993,20230102
000150,두산,00117212,20230214
000180,성창기업지주,00133335,20221229
000210,DL,00109693,20230502
000220,유유제약,00144818,20230302
000230,일동홀딩스,00146083,20221130
000240,한국앤컴퍼니,00160047,20230102
000250,삼천당제약,00128546,20221220
000270,기아,00106641,20230109
000300,대유플러스,00126089,20230215
000320,노루홀딩스,00113508,20221208
000370,한화손해보험,00135917,20230323
000390,삼화페인트공업,00129387,20221201
000400,롯데손해보험,00113562,20221229
000430,대원강업,00111847,20230102
000440,중앙에너비스,00149770,20221205
000480,시알홀딩스,00148984,20230731
000490,대동,00109286,20211213
000500,가온전선,00104768,20230324
000520,삼일제약,00128032,20220225
000540,흥국화재,00103176,20221226
000590,CS홀딩스,00149026,20221208
000640,동아쏘시오홀딩스,00116824,20220228
000650,천일고속,00151395,20221205
000660,SK하이닉스,00164779,20221213
000670,영풍,00141307,20230102
000680,LS네트웍스,00104698,20220330
000700,유수홀딩스,00163691,20211213
000720,현대건설,00164478,20230109
000760,이화산업,00145686,20221110
000810,삼성화재해상보험,00139214,20230104
000850,화천기공,00166519,20230215
000860,강남제비스코,00100939,20230214
000880,한화,00160588,20230503
000890,보해양조,00123541,20230109
000910,유니온,00144252,20211125
000950,전방,00147222,20221207
000970,한국주철관공업,00159573,20230327
000990,DB하이텍,00160843,20230330
001000,신라섬유,00135999,20230222
001020,페이퍼코리아,00134723,20211210
001040,CJ,00148540,20230109
001060,JW중외제약,00149947,20230512
001070,대한방직,00112970,20220204
001080,만호제강,00120872,20220607
001120,LX인터내셔널,00120076,20221202
001130,대한제분,00113243,20221128
001140,국보,00104519,20231018
001200,유진증권,00131054,20230110
001210,금호전기,00106395,20221129
001230,동국홀딩스,00114792,20230616
001250,GS글로벌,00138190,20220329
001260,남광토건,00107066,20220221
001270,부국증권,00123772,20221201
001290,상상인증권,00112059,20230330
001340,백광산업,00122472,20230324
001360,삼성제약,00126414,20231005
001380,SG글로벌,00152039,20221128
001390,KG케미칼,00101220,20230220
001420,태원물산,00154055,20221209
001430,세아베스틸지주,00106669,20230330
001440,대한전선,00113207,20230518
001450,현대해상,00164973,20230105
001460,BYC,00122579,20230810
001470,삼부토건,00125974,20230316
001500,현대차증권,00137997,20221209
001510,SK증권,00131850,20221228
001520,동양,00117337,20220225
001530,디아이동일,00118345,20230215
001540,안국약품,00139205,20220304
001550,조비,00148948,20221229
001560,제일연마,00148461,20221124
001570,금양,00106119,20230621
001620,케이비아이동국실업,00114765,20230303
001630,종근당홀딩스,00149354,20211214
001680,대상,00121941,20221206
001720,신영증권,00136721,20220304
001740,SK네트웍스,00131780,20230906
001750,한양증권,00162416,20221130
001770,SHD,00137809,20230130
001780,알루코,00117027,20221130
001790,대한제당,00113234,20230220
001800,오리온홀딩스,00117577,20230216
001810,무림SP,00121507,20211209
001820,삼화콘덴서공업,00129350,20211117
001840,이화공영,00145668,20221207
001880,DL건설,00128971,20221201
001940,KISCO홀딩스,00159740,20221229
002020,코오롱,00152862,20220404
002030,아세아,00138701,20221209
002070,비비안,00107677,20221207
002100,경농,00101433,20230221
002140,고려산업,00102751,20230131
002150,도화엔지니어링,00114552,20230327
002170,삼양통상,00127042,20230220
002200,한국수출포장공업,00158112,20230210
002210,동성제약,00116268,20221215
002220,한일철강,00163196,20221202
002230,피에스텍,00155638,20230202
002240,고려제강,00103006,20230215
002290,삼일기업공사,00127936,20221208
002310,아세아제지,00138729,20221221
002320,한진,00163512,20230427
002350,넥센타이어,00173874,20230104
002360,SH에너지화학,00136457,20221212
002380,케이씨씨,00105271,20230104
002390,한독,00161046,20221226
002410,범양건영,00122694,20230328
002420,세기상사,00133618,20221201
002450,삼익악기,00127857,20221129
002460,화성산업,00174527,20230203
002600,조흥,00149345,20230125
002620,제일파마홀딩스,00148443,20220222
002630,오리엔트바이오,00141626,20230524
002680,한탑,00140566,20221207
002690,동일제강,00118451,20230403
002700,신일전자,00173698,20230222
002710,TCC스틸,00117300,20230220
002720,국제약품,00104722,20230223
002760,보락,00123107,20221130
002780,진흥기업,00150828,20230220
002790,아모레퍼시픽그룹,00154462,20230320
002800,신신제약,00136448,20230214
002810,삼영무역,00127167,20230222
002820,SUN&L,00132211,20230616
002840,미원상사,00121932,20230329
002870,신풍,00137368,20221128
002880,대유에이텍,00149804,20230216
002900,TYM,00117230,20230119
002920,유성기업,00174004,20230215
002960,한국쉘석유,00158149,20221202
002990,금호건설,00106313,20230216
003000,부광약품,00123718,20221209
003010,혜인,00165343,20230221
003030,세아제강지주,00124197,20221208
003060,에이프로젠바이오로직스,00101044,20231016
003070,코오롱글로벌,00152880,20230109
003080,성보화학,00132725,20230214
003090,대웅,00111810,20221214
003100,선광,00131896,20230223
003120,일성신약,00146214,20230901
003160,디아이,00118275,20221205
003200,일신방직,00146269,20221202
003220,대원제약,00111999,20230213
003230,삼양식품,00126955,20230814
003240,태광산업,00153393,20221215
003280,흥아해운,00167208,20231010
003300,한일홀딩스,00162993,20230112
003310,대주산업,00112457,20230515
003350,한국화장품제조,00160621,20221206
003380,하림지주,00148364,20230220
003410,쌍용씨앤이,00138224,20230104
003460,유화증권,00145190,20230222
003470,유안타증권,00117601,20221227
003480,한진중공업홀딩스,00163673,20230223
003490,대한항공,00113526,20221229
003520,영진약품,00141149,20220907
003530,한화투자증권,00148610,20230725
003540,대신증권,00110893,20230131
003550,LG,00120021,20221220
003560,아이에이치큐,00154426,20231024
003570,SNT다이내믹스,00134477,20230315
003580,HLB글로벌,00169048,20230630
003610,방림,00122348,20220831
003620,KG모빌리티,00138242,20230403
003650,미창석유공업,00122056,20220223
003670,포스코퓨처엠,00155276,20230620
003680,한성기업,00161860,20230223
003690,코리안리,00113191,20230106
003720,삼영,00127255,20230424
003780,진양산업,00150439,20230317
003800,에이스침대,00140052,20230215
003830,대한화섬,00113544,20230109
003850,보령,00123143,20230814
003920,남양유업,00107598,20221219
003960,사조대림,00109718,20230221
004000,롯데정밀화학,00157681,20221202
004020,현대제철,00145880,20230113
004060,SG세계물산,00133511,20221209
004080,신흥,00173795,20221202
004090,한국석유공업,00157991,20220901
004100,태양금속공업,00153755,20221214
004140,동방,00115287,20221124
004150,한솔홀딩스,00171636,20230216
004170,신세계,00136378,20221228
004250,엔피씨,00108038,20230912
004270,남성,00172185,20230203
004310,현대약품,00164706,20221108
004360,세방,00133812,20230214
004370,농심,00108241,20230327
004380,삼익THK,00127802,20230228
004410,서울식품공업,00130879,20221212
004430,송원산업,00134963,20230215
004440,삼일씨엔에스,00109806,20230913
004450,삼화왕관,00129235,20231005
004490,세방전지,00133858,20230317
004540,깨끗한나라,00113492,20211202
004560,현대비앤지스틸,00125743,20230221
004590,한국가구,00156442,20221202
004650,창해에탄올,00123523,20221202
004690,삼천리,00128555,20230106
004700,조광피혁,00148939,20220221
004710,한솔테크닉스,00157399,20230504
004720,팜젠사이언스,00135050,20221205
004770,써니전자,00138057,20221129
004780,대륙제관,00109587,20221212
004800,효성,00117188,20230109
004830,덕성,00114093,20221109
004840,DRB동일,00118266,20230324
004870,티웨이홀딩스,00109514,20230809
004890,동일산업,00172936,20221215
004910,조광페인트,00148920,20221208
004920,씨아이테크,00127158,20221205
004960,한신공영,00162063,20220224
004970,신라교역,00135962,20230215
004980,성신양회,00132804,20230116
004990,롯데지주,00120562,20230109
005010,휴스틸,00156488,20230223
005030,부산주공,00124151,20221213
005070,코스모신소재,00129989,20230222
005090,SGC에너지,00125150,20230216
005110,한창,00163716,20230908
005160,동국산업,00172680,20230106
005180,빙그레,00124726,20230220
005250,녹십자홀딩스,00108135,20230220
005290,동진쎄미켐,00118804,20230215
005300,롯데칠성음료,00120571,20231024
005320,국동,00168331,20230202
005360,모나미,00121288,20230220
005380,현대자동차,00164742,20230103
005390,신성통상,00136341,20220614
005420,코스모화학,00160302,20221212
005430,한국공항,00156691,20230323
005440,현대지에프홀딩스,00105280,20231030
005490,POSCO홀딩스,00155319,20230621
005500,삼진제약,00128412,20230119
005610,SPC삼립,00125530,20221124
005670,푸드웰,00165103,20230329
005680,삼영전자공업,00127200,20221206
005690,파미셀,00145163,20220218
005710,대원산업,00111874,20211213
005720,넥센,00167192,20211209
005740,크라운해태홀딩스,00153126,20230215
005750,대림비앤코,00109754,20221025
005800,신영와코루,00136624,20230223
005810,풍산홀딩스,00155531,20230711
005820,원림,00143794,20220225
005830,DB손해보험,00159102,20230110
005850,에스엘,00125521,20230704
005860,한일사료,00162911,20230223
005870,휴니드테크놀러지스,00111421,20220215
005880,대한해운,00113535,20221227
005930,삼성전자,00126380,20230110
005940,NH투자증권,00120182,20230110
005950,이수화학,00145552,20230525
005960,동부건설,00115612,20230323
005990,매일홀딩스,00120924,20230223
006040,동원산업,00118026,20230613
006050,국영지앤엠,00104537,20221214
006060,화승인더스트리,00166227,20230214
006090,사조오양,00141875,20230511
006110,삼아알미늄,00126779,20220713
006120,SK디스커버리,00131832,20230330
006140,피제이전자,00155735,20221213
006200,한국전자홀딩스,00159254,20220802
006220,제주은행,00148832,20230104
006260,LS,00105952,20230106
006280,녹십자,00129679,20230220
006340,대원전선,00260392,20211229
006360,GS건설,00120030,20230208
006370,대구백화점,00108977,20221128
006380,카프로,00159810,20230726
006390,한일현대시멘트,00164672,20220224
006400,삼성SDI,00126362,20230109
006490,인스코비,00122825,20230313
006570,대림통상,00109824,20230404
006580,대양제지,00111227,20221205
006620,동구바이오제약,00114686,20220221
006650,대한유화,00260383,20221215
006660,삼성공조,00126201,20230526
006730,서부T&D,00130383,20221205
006740,영풍제지,00141404,20221114
006800,미래에셋증권,00111722,20231027
006840,AK홀딩스,00125080,20230111
006880,신송홀딩스,00136402,20230222
006890,태경케미컬,00109161,20221208
006910,보성파워텍,00267881,20211206
006920,모헨즈,00163318,20230327
006980,우성,00142661,20221129
007070,GS리테일,00140177,20221230
007110,일신석재,00146296,20230111
007120,미래아이앤지,00104786,20230222
007160,사조산업,00124799,20221209
007210,벽산,00122898,20221205
007280,한국특강,00124090,20221129
007310,오뚜기,00141529,20221219
007330,푸른저축은행,00124805,20230105
007340,DN오토모티브,00116949,20230412
007370,진양제약,00150536,20230323
007390,네이처셀,00117276,20230413
007460,에이프로젠,00152385,20230828
007530,와이엠,00140858,20230426
007540,샘표,00130091,20230221
007570,일양약품,00146454,20230413
007590,동방아그로,00115384,20221129
007610,선도전기,00131939,20221125
007660,이수페타시스,00107613,20230403
007680,대원,00111838,20230223
007690,국도화학,00104388,20221110
007700,F&F 홀딩스,00126487,20230217
007720,대명소노시즌,00104810,20230901
007770,한일화학,00267979,20220224
007810,코리아써키트,00152686,20230220
007820,에스엠코어,00137915,20230330
007860,서연,00163114,20230216
007980,태평양물산,00154329,20230215
008040,사조동아원,00137252,20221202
008060,대덕,00109189,20230216
008110,대동전자,00157104,20220316
008250,이건산업,00145446,20230530
008260,NI스틸,00116301,20230327
008290,원풍물산,00144021,20230727
008350,남선알미늄,00107224,20220331
008370,원풍,00144012,20230331
008420,문배철강,00121570,20230327
008470,부스타,00124276,20221116
008490,서흥,00131692,20221209
008500,일정실업,00146542,20230424
008600,윌비스,00104999,20221201
008700,아남전자,00138516,20220225
008730,율촌화학,00145260,20220221
008770,호텔신라,00165680,20221209
008830,대동기어,00109310,20230323
008870,금비,00168401,20220816
008930,한미사이언스,00161426,20230112
008970,동양철관,00117629,20230220
009070,케이씨티시,00103042,20220328
009140,경인전자,00102140,20221202
009150,삼성전기,00126371,20230102
009160,SIMPAC,00138260,20230109
009180,한솔로지스틱스,00140946,20220224
009190,대양금속,00111111,20221205
009200,무림페이퍼,00136086,20230220
009240,한샘,00161693,20231017
009270,신원,00136864,20230221
009290,광동제약,00103592,20221206
009300,삼아제약,00126788,20230206
009310,참엔지니어링,00153621,20230724
009320,대우부품,00111689,20221129
009410,태영건설,00153861,20221206
009420,한올바이오파마,00162586,20230330
009440,KC그린홀딩스,00159971,20221213
009450,경동나비엔,00101488,20221202
009460,한창제지,00163761,20230822
009470,삼화전기,00129271,20230216
009520,포스코엠텍,00128111,20230322
009540,HD한국조선해양,00164830,20230502
009580,무림P&P,00119007,20230220
009620,삼보산업,00125822,20230403
009680,모토닉,00151128,20230427
009730,코센,00116426,20221206
009770,삼정펄프,00128227,20230215
009780,엠에스씨,00121154,20221201
009810,플레이그램,00103130,20230206
009830,한화솔루션,00162461,20230302
009900,명신산업,00173078,20230330
009970,영원무역홀딩스,00140964,20230223
010040,한국내화,00160205,20230222
010060,OCI홀딩스,00148896,20231026
010100,한국무브넥스,00160418,20230510
010120,엘에스일렉트릭,00105855,20230331
010130,고려아연,00102858,20230320
010140,삼성중공업,00126478,20230320
010170,대한광통신,00113261,20221128
010240,흥국,00167031,20230223
010280,쌍용정보통신,00138303,20230912
010400,우진아이엔에스,00143262,20230210
010420,한솔피엔에스,00103626,20230711
010470,오리콤,00141671,20221201
010580,에스엠벡셀,00147860,20230703
010600,웰바이오텍,00141273,20231016
010620,현대미포조선,00164609,20230330
010640,진양폴리우레탄,00160375,20230315
010660,화천기계,00166500,20231024
010690,화신,00166315,20230216
010770,평화홀딩스,00155124,20230330
010780,아이에스동서,00115977,20230825
010820,퍼스텍,00148522,20230216
010950,S-Oil,00138279,20230510
010960,삼호개발,00128980,20211206
011000,진원생명과학,00118521,20221124
011040,경동제약,00101549,20220330
011070,LG이노텍,00105961,20230724
011080,형지I&C,00142713,20230904
011090,에넥스,00139764,20221130
011150,CJ씨푸드,00129013,20230210
011170,롯데케미칼,00165413,20230516
011200,HMM,00164645,20221227
011210,현대위아,00106623,20221228
011230,삼화전자공업,00129280,20221103
011280,태림포장,00153524,20220120
011300,성안,00132868,20230619
011320,유니크,00147152,20220224
011330,유니켐,00137207,20230925
011370,서한,00131504,20221213
011390,부산산업,00124027,20230221
011420,갤럭시아에스엠,00129554,20211213
011500,한농화성,00160861,20221109
011560,세보엠이씨,00133876,20230222
011690,와이투솔루션,00144720,20230425
011700,한신기계공업,00162072,20230222
011760,현대코퍼레이션,00164812,20230216
011780,금호석유화학,00106368,20230104
011790,SKC,00139889,20221228
011810,STX,00138297,20221206
011930,신성이엔지,00136271,20230516
012030,DB,00163345,20221214
012160,영흥,00141477,20230403
012170,아센디오,00145437,20221118
012200,계양전기,00102618,20221212
012210,삼미금속,00125664,20230516
012280,영화금속,00141413,20221205
012320,경동인베스트,00143527,20230216
012330,현대모비스,00164788,20230113
012340,뉴인텍,00105040,20230502
012450,한화에어로스페이스,00126566,20230109
012510,더존비즈온,00172291,20221223
012600,청호ICT,00151863,20230921
012610,경인양행,00102113,20230227
012620,원일특강,00143907,20220324
012630,HDC,00164636,20221205
012690,모나리자,00173102,20221208
012700,리드코프,00117708,20230403
012750,에스원,00158501,20221228
012790,신일제약,00137058,20221208
012800,대창,00112651,20221219
012860,모베이스전자,00137234,20221129
013000,세우글로벌,00134176,20230518
013030,하이록코리아,00165060,20230223
013120,동원개발,00117966,20221207
013310,아진산업,00139083,20221202
013360,일성건설,00146232,20220217
013520,화승코퍼레이션,00166272,20220228
013570,디와이,00117179,20230327
013580,계룡건설산업,00102432,20230329
013700,까뮤이앤씨,00129420,20221125
013720,CBI,00151605,20211229
013810,스페코,00136165,20221209
013870,지엠비코리아,00156354,20230223
013890,지누스,00150633,20220401
013990,아가방컴퍼니,00138446,20221212
014100,메디앙스,00267854,20221207
014130,한익스프레스,00129509,20230215
014160,대영포장,00111458,20220405
014190,원익큐브,00128175,20230223
014200,광림,00103635,20230925
014280,금강공업,00105299,20230131
014440,영보화학,00140779,20221208
014470,부방,00243067,20230502
014530,극동유화,00105156,20220216
014570,고려제약,00103015,20221117
014580,태경비케이,00122481,20230221
014620,성광벤드,00132318,20211207
014680,한솔케미칼,00140955,20221130
014710,사조씨푸드,00124780,20230712
014790,HL D&I,00161116,20230324
014820,동원시스템즈,00132637,20230404
014830,유니드,00159786,20230317
014910,성문전자,00132628,20221125
014940,오리엔탈정공,00141608,20230222
014970,삼륭물산,00125488,20220222
014990,인디에프,00106881,20221209
015020,이스타코,00134565,20230403
015230,대창단조,00112679,20230222
015260,에이엔피,00143314,20221209
015360,예스코홀딩스,00105101,20221201
015540,에코바이브,00108065,20230927
015590,KIB플러그에너지,00108746,20230801
015710,코콤,00187725,20221207
015750,성우하이텍,00132992,20211210
015760,한국전력공사,00159193,20230920
015860,일진홀딩스,00146649,20220222
015890,태경산업,00153339,20230403
016090,대현,00113614,20220602
016100,리더스코스메틱,00180263,20221215
016250,SGC이테크건설,00141246,20230222
016360,삼성증권,00104856,20221207
016380,KG스틸,00115676,20230605
016450,한세예스24홀딩스,00161976,20221212
016580,환인제약,00166573,20230216
016590,신대양제지,00135777,20220627
016600,큐캐피탈,00267942,20221206
016610,DB금융투자,00115694,20230406
016670,디모아,00125725,20221130
016710,대성홀딩스,00108940,20230621
016740,두올,00119672,20230220
016790,카나리아바이오,00164618,20230413
016800,퍼시스,00161709,20221207
016880,웅진,00143651,20230327
016920,카스,00152260,20221205
017000,신원종합개발,00136925,20230215
017040,광명전기,00103662,20230223
017180,명문제약,00121039,20221209
017250,인터엠,00145914,20220908
017370,우신시스템,00142883,20221202
017390,서울도시가스,00130684,20221205
017480,삼현철강,00128926,20230120
017510,세명전기,00133751,20221202
017550,수산중공업,00135111,20230811
017650,대림제지,00109781,20230228
017670,SK텔레콤,00159023,20230217
017800,현대엘리베이터,00164724,20230110
017810,풀무원,00155355,20230404
017890,한국알콜,00158565,20221202
017900,광전자,00152729,20230330
017940,E1,00165583,20230105
017960,한국카본,00159795,20221206
018000,유니슨,00144243,20230403
018120,진로발효,00170877,20220228
018250,애경산업,00139454,20220516
018260,삼성에스디에스,00126186,20221130
018290,브이티,00150165,20230721
018310,삼목에스폼,00125646,20221209
018470,조일알미늄,00149239,20230209
018500,동원금속,00118008,20220311
018620,우진비앤지,00103547,20230331
018670,SK가스,00144164,20230104
018680,서울제약,00131018,20221202
018700,바른손,00122205,20230630
018880,한온시스템,00161125,20230811
019010,베뉴지,00267906,20230220
019170,신풍제약,00137359,20230220
019180,티에이치엔,00118965,20220228
019210,와이지-원,00139719,20221129
019440,세아특수강,00133991,20221206
019490,하이트론씨스템즈,00156150,20230718
019540,일지테크,00146560,20221205
019550,SBI인베스트먼트,00156910,20230330
019570,리더스 기술투자,00110750,20230918
019590,엠벤처투자,00136642,20231018
019660,글로본,00159731,20221207
019680,대교,00108913,20221129
019770,서연탑메탈,00153278,20221206
019990,에너토크,00169215,20221128
020000,한섬,00188089,20230103
020120,키다리스튜디오,00140131,20230102
020150,롯데에너지머티리얼즈,00113997,20230331
020180,대신정보통신,00110875,20220526
020400,대동금속,00191287,20230907
020560,아시아나항공,00138792,20230403
020710,시공테크,00170026,20230404
020760,일진디스플,00198697,20221202
021040,대호특수강,00166175,20230802
021050,서원,00131197,20221129
021080,에이티넘인베스트,00161462,20230110
021240,코웨이,00170558,20230103
021320,KCC건설,00105466,20230327
021650,한국큐빅,00160010,20221206
021820,세원정공,00134316,20220629
021880,메이슨캐피탈,00136101,20230220
022100,포스코DX,00155212,20230414
022220,TKG애강,00140061,20230330
023000,삼원강재,00191588,20230323
023150,MH에탄올,00121534,20220325
023160,태광,00153375,20230223
023350,한국종합기술,00159500,20221209
023410,유진기업,00184667,20230920
023440,제이스코홀딩스,00148531,20221213
023450,동남합성,00115065,20221229
023460,CNH,00149266,20230502
023530,롯데쇼핑,00120526,20230109
023590,다우기술,00176914,20230217
023600,삼보판지,00125938,20211207
023760,한국캐피탈,00149594,20230404
023770,플레이위드,00138367,20221101
023790,동일철강,00172945,20230330
023800,인지컨트롤스,00103510,20230329
023810,인팩,00180795,20230427
023900,풍국주정,00155452,20221222
023910,대한약품,00113128,20230404
023960,에쓰씨엔지니어링,00121969,20221129
024060,흥구석유,00167004,20221209
024070,WISCOM,00142865,20230327
024090,디씨엠,00177199,20221212
024110,기업은행,00149646,20230111
024120,KB오토시스,00157539,20221205
024720,한국콜마홀딩스,00203290,20230119
024740,한일단조,00162832,20221125
024800,유성티엔에스,00173999,20230223
024810,이화전기,00145738,20230818
024830,세원물산,00173591,20221205
024840,KBI메탈,00158024,20230220
024850,HLB이노베이션,00155586,20230912
024880,케이피에프,00157636,20230216
024890,대원화성,00112022,20221214
024900,덕양산업,00114154,20230712
024910,경창산업,00102353,20220331
024940,PN풍년,00133557,20221212
024950,삼천리자전거,00128607,20221129
025000,KPX케미칼,00191472,20221202
025320,시노펙스,00203023,20230221
025440,DH오토웨어,00110583,20230221
025530,에스제이엠홀딩스,00181943,20230223
025540,한국단자공업,00157070,20230217
025550,한국선재,00158015,20230327
025560,미래산업,00197759,20230714
025620,제이준코스메틱,00136776,20230824
025750,한솔홈데코,00203582,20230217
025770,한국정보통신,00159342,20230215
025820,이구산업,00145464,20230221
025860,남해화학,00107987,20221207
025870,신라에스지,00136004,20221206
025880,케이씨피드,00101752,20221206
025890,한국주강,00159564,20221122
025900,동화기업,00173032,20230331
025950,동신건설,00116408,20221202
025980,아난티,00161781,20230222
026040,제이에스티나,00120289,20230320
026150,특수건설,00186939,20211213
026890,스틱인베스트먼트,00117498,20220228
026910,광진실업,00104120,20231004
026940,부국철강,00123781,20221201
026960,동서,00144395,20230217
027040,서울전자통신,00130587,20230502
027050,코리아나,00152589,20230223
027360,아주IB투자,00156895,20230223
027410,BGF,00219097,20221208
027580,상보,00129615,20230216
027710,팜스토리,00192499,20230223
027740,마니커,00204208,20230915
027830,대성창투,00109037,20221125
027970,한국제지,00133706,20230818
028050,삼성엔지니어링,00126308,20230119
028080,휴맥스홀딩스,00219440,20221202
028100,동아지질,00178754,20220324
028260,삼성물산,00149655,20230320
028300,HLB,00199252,20230707
028670,팬오션,00122737,20221209
029460,케이씨,00209780,20230330
029480,광무,00186452,20221207
029530,신도리코,00135795,20230217
029780,삼성카드,00126292,20230105
029960,코엔텍,00197476,20230214
030000,제일기획,00148276,20230206
030190,NICE평가정보,00158325,20230808
030200,케이티,00190321,20230831
030210,다올투자증권,00156859,20230327
030350,드래곤플라이,00230036,20221208
030520,한글과컴퓨터,00204262,20230214
030530,원익홀딩스,00216647,20230220
030610,교보증권,00113359,20230102
030720,동원수산,00118044,20230502
030790,비케이탑스,00273615,20221028
030960,양지사,00139685,20220613
031310,아이즈비전,00200910,20221205
031330,에스에이엠티,00128661,20230215
031430,신세계인터내셔날,00234412,20230324
031440,신세계푸드,00274933,20220216
031510,오스템,00175173,20230224
031820,콤텍시스템,00186559,20221207
031860,에스유홀딩스,00180865,20230828
031980,피에스케이홀딩스,00208444,20230223
032080,아즈텍WB,00201131,20221202
032190,다우데이타,00238782,20230217
032280,삼일,00127909,20230215
032300,한국파마,00187770,20220225
032350,롯데관광개발,00231372,20221207
032500,케이엠더블유,00226352,20230223
032540,TJ미디어,00201733,20221115
032560,황금에스티,00218575,20220518
032580,피델릭스,00189538,20230112
032620,유비케어,00220057,20230104
032640,LG유플러스,00231363,20221213
032680,소프트센,00204226,20230502
032750,삼진,00173351,20221202
032790,엠젠솔루션,00110884,20230516
032800,판타지오,00231691,20230109
032820,우리기술,00231044,20220228
032830,삼성생명,00126256,20230103
032850,비트컴퓨터,00231707,20221207
032860,더라미,00205687,20230915
032940,원익,00210980,20221206
032960,동일기연,00199076,20221209
032980,바이온,00232089,20230320
033050,제이엠아이,00222435,20221212
033100,제룡전기,00185356,20221212
033130,디지틀조선,00231442,20221026
033160,엠케이전자,00121686,20230403
033170,시그네틱스,00158219,20221130
033180,KH 필룩스,00193009,20230712
033200,모아텍,00241209,20220520
033230,인성정보,00229021,20230216
033240,자화전자,00146861,20221214
033250,체시스,00125576,20231004
033270,유나이티드,00158963,20230208
033290,코웰패션,00155948,20230403
033310,엠투엔,00143226,20230403
033320,제이씨현시스템,00223513,20221212
033340,좋은사람들,00205003,20230817
033500,동성화인텍,00231105,20230713
033530,세종공업,00134510,20230329
033540,파라텍,00105138,20230612
033560,블루콤,00238001,20221206
033640,네패스,00227333,20230222
033780,케이티앤지,00244455,20221228
033790,스카이문스테크놀로지,00276083,20230817
033830,티비씨,00204642,20230427
033920,무학,00121543,20230222
034020,두산에너빌리티,00159616,20230111
034120,SBS,00130772,20230207
034220,LG디스플레이,00105873,20230102
034230,파라다이스,00171265,20221201
034300,신세계건설,00217947,20230324
034310,NICE,00158316,20230223
034590,인천도시가스,00145862,20230320
034730,SK,00181712,20230203
034810,해성산업,00219361,20230403
034830,한국토지신탁,00233653,20221206
034940,조아제약,00231831,20221207
034950,한국기업평가,00156956,20220222
035000,HS애드,00140168,20230718
035080,그래디언트,00244561,20230403
035150,백산,00122551,20221202
035200,프럼파스트,00356389,20230502
035250,강원랜드,00255619,20221230
035290,골드앤에스,00249502,20230607
035420,NAVER,00266961,20230110
035460,기산텔레콤,00258421,20230220
035510,신세계I&C,00219486,20230329
035600,KG이니시스,00264547,20230324
035610,솔본,00249982,20230223
035620,바른손이앤에이,00259590,20221130
035720,카카오,00258801,20230130
035760,CJ ENM,00265324,20230329
035810,이지홀딩스,00242378,20230217
035890,서희건설,00219848,20230809
035900,JYP Ent.,00258689,20221206
036000,예림당,00259934,20221201
036010,아비코전자,00138598,20221202
036030,케이티알파,00260958,20230403
036090,위지트,00258360,20230215
036120,SCI평가정보,00260745,20230330
036170,클라우드에어,00232821,20221219
036180,지더블유바이텍,00257149,20221130
036190,금화피에스시,00176516,20230217
036200,유니셈,00260569,20221209
036420,콘텐트리중앙,00203315,20230330
036460,한국가스공사,00261285,20230113
036480,대성미생물,00177320,20230327
036530,SNT홀딩스,00225159,20230222
036540,SFA반도체,00301246,20230811
036560,영풍정밀,00141389,20230207
036570,엔씨소프트,00261443,20230127
036580,팜스코,00260408,20230421
036620,감성코퍼레이션,00261009,20221118
036630,세종텔레콤,00268002,20230329
036640,HRS,00230911,20230220
036670,KCI,00265041,20230220
036690,코맥스,00268118,20221202
036710,심텍홀딩스,00152127,20230221
036800,나이스정보통신,00264945,20220707
036810,에프에스티,00223434,20221213
036830,솔브레인홀딩스,00247975,20220330
036890,진성티이씨,00174208,20230203
036930,주성엔지니어링,00252135,20230223
037030,파워넷,00231354,20230209
037070,파세코,00238153,20221129
037230,한국팩키지,00198192,20230327
037270,YG PLUS,00249247,20230220
037330,인지디스플레,00265421,20221206
037350,성도이엔지,00216498,20230216
037370,EG,00261054,20230502
037400,우리엔터프라이즈,00155692,20230103
037440,희림,00236863,20220218
037460,삼지전자,00128315,20230222
037560,LG헬로비전,00222532,20230216
037710,광주신세계,00220561,20230221
037760,쎄니트,00239596,20230217
037950,엘컴텍,00242712,20221206
038010,제일테크노스,00148595,20221205
038060,루멘스,00406329,20221212
038070,서린바이오,00373447,20221209
038110,에코플라스틱,00139153,20230824
038290,마크로젠,00261373,20231027
038340,MIT,00215976,20230405
038390,레드캡투어,00261355,20230214
038460,바이오스마트,00240857,20221206
038500,삼표시멘트,00239639,20230831
038530,케이바이오,00255105,20230818
038540,상상인,00306162,20230220
038620,위즈코프,00264228,20221208
038680,에스넷,00264635,20221130
038870,에코바이오,00287812,20211210
038880,아이에이,00252269,20221212
038950,파인디지털,00264732,20221208
039010,현대에이치티,00255044,20230216
039020,이건홀딩스,00184889,20230530
039030,이오테크닉스,00246417,20230220
039130,하나투어,00269940,20230103
039200,오스코텍,00263654,20230217
039240,경남스틸,00206039,20221206
039290,인포뱅크,00243757,20230216
039310,세중,00264671,20230502
039340,한국경제TV,00263371,20221208
039420,케이엘넷,00246620,20221125
039440,에스티아이,00298340,20230216
039490,키움증권,00296290,20230713
039560,다산네트웍스,00268251,20221129
039570,HDC랩스,00350312,20230609
039610,화성밸브,00217743,20230316
039740,한국정보공학,00261957,20230201
039830,오로라,00141556,20230328
039840,디오,00115931,20230328
039860,나노엔텍,00230425,20221202
039980,리노스,00369213,20221214
040160,누리플렉스,00269889,20221208
040300,YTN,00200275,20230213
040350,큐로컴,00346407,20221207
040420,정상제이엘에스,00287788,20221202
040610,SG&G,00264714,20221206
040910,아이씨디,00298377,20230220
041020,폴라리스오피스,00269852,20221220
041190,우리기술투자,00231664,20221228
041440,현대에버다임,00228536,20230215
041460,한국전자인증,00361169,20221208
041510,에스엠,00260930,20230403
041520,이라이콤,00137289,20220225
041590,플래스크,00297448,20230105
041650,상신브레이크,00129642,20230223
041830,인바디,00269922,20221208
041910,에스텍파마,00463342,20221212
041920,메디아나,00273439,20221202
041930,동아화성,00199988,20221212
041960,코미팜,00187415,20230707
042000,카페24,00260879,20220228
042040,케이피엠테크,00206686,20221212
042110,에스씨디,00171867,20221202
042370,비츠로테크,00103644,20221209
042420,네오위즈홀딩스,00266952,20230221
042500,링네트,00352499,20221208
042510,라온시큐어,00255433,20230704
042520,한스바이오메드,00349060,20221128
042600,새로닉스,00147994,20231017
042660,한화오션,00111704,20230614
042670,HD현대인프라코어,00344287,20230426
042700,한미반도체,00161383,20221124
042940,상지카일룸,00232007,20221209
043090,엑서지21,00351454,20230706
043100,솔고바이오,00220109,20230623
043150,바텍,00264255,20230714
043200,파루,00266934,20221125
043220,티에스넥스젠,00317487,20230220
043260,성호전자,00317210,20221209
043340,에쎈테크,00203209,20230220
043360,디지아이,00295547,20221205
043370,피에이치에이,00155151,20230216
043590,웰킵스하이텍,00260611,20230628
043610,지니뮤직,00223762,20230824
043650,국순당,00256715,20221208
043710,서울리거,00305570,20230807
043910,자연과환경,00418379,20230502
044060,조광ILI,00291860,20231031
044180,KD,00111218,20221212
044340,위닉스,00293886,20220225
044380,주연테크,00269241,20230412
044450,KSS해운,00160232,20230327
044480,블레이드 Ent,00173449,20230727
044490,태웅,00186799,20231018
044780,에이치케이,00235183,20221205
044820,코스맥스비티아이,00219574,20230619
044960,이글벳,00145473,20221130
044990,에이치엔에스하이텍,00311216,20230222
045060,오공,00220969,20221201
045100,한양이엔지,00216762,20230220
045300,성우테크론,00350482,20221208
045340,토탈소프트,00355089,20221205
045390,대아티아이,00318316,20221208
045510,정원엔시스,00147772,20230502
045520,크린앤사이언스,00185222,20221202
045660,에이텍,00256502,20221201
045970,코아시아,00271501,20230601
046070,코다코,00295857,20230906
046120,오르비텍,00297989,20230216
046140,SBS콘텐츠허브,00280688,20230220
046210,HLB파나진,00172079,20230911
046310,백금T&A,00360036,20221116
046390,삼화네트웍스,00301112,20230222
046440,KG모빌리언스,00405278,20230324
046890,서울반도체,00130763,20221206
046940,우원개발,00363246,20221206
046970,우리로,00296005,20221206
047040,대우건설,00124540,20230313
047050,포스코인터내셔널,00124504,20230321
047080,한빛소프트,00348292,20230530
047310,파워로직스,00269612,20221212
047400,유니온머티리얼,00369833,20230223
047560,이스트소프트,00273420,20230217
047770,코데즈컴바인,00329093,20221004
047810,한국항공우주,00309503,20230309
047820,초록뱀미디어,00299464,20230331
047920,HLB제약,00336817,20230817
048410,현대바이오,00313649,20221205
048430,유라테크,00201742,20221107
048470,대동스틸,00109268,20221129
048530,인트론바이오,00292434,20221202
048550,SM C&C,00185046,20230331
048770,TPC,00108649,20220225
048830,엔피케이,00108490,20230904
048870,시너지이노베이션,00475985,20211207
048910,대원미디어,00351807,20221207
049070,인탑스,00226866,20221201
049080,기가레인,00377018,20221214
049120,파인디앤씨,00350020,20221209
049180,셀루메드,00310156,20221116
049430,코메론,00152783,20221108
049470,SGA,00351579,20221207
049480,오픈베이스,00335076,20230105
049520,유아이엘,00256380,20221208
049550,잉크테크,00261656,20230217
049630,재영솔루텍,00147082,20230214
049720,고려신용정보,00336297,20221214
049770,동원F&B,00340917,20221216
049800,우진플라임,00303217,20211227
049830,승일,00135467,20221212
049950,미래컴퍼니,00447760,20220225
049960,쎌바이오텍,00357430,20221129
050090,비케이홀딩스,00369569,20230307
050110,캠시스,00330044,20230207
050120,ES큐브,00175623,20230421
050760,에스폴리텍,00340272,20221116
050860,아세아텍,00138747,20220826
050890,쏠리드,00364403,20221205
050960,수산아이앤티,00577016,20220330
051160,지어소프트,00389110,20230221
051360,토비스,00390365,20230217
051370,인터플렉스,00369170,20221205
051380,피씨디렉트,00297934,20221205
051390,YW,00296263,20221212
051490,나라엠앤디,00297095,20221130
051500,CJ프레시웨이,00127954,20230116
051600,한전KPS,00159218,20230207
051630,진양화학,00347734,20221202
051780,큐로홀딩스,00296324,20221129
051900,LG생활건강,00356370,20230329
051910,LG화학,00356361,20230106
051980,중앙첨단소재,00347716,20230927
052020,에스티큐브,00273110,20221205
052220,iMBC,00370006,20230331
052260,현대바이오랜드,00347062,20221205
052300,씨티프라퍼티,00349811,20230907
052330,코텍,00305297,20230223
052400,코나아이,00349732,20221214
052420,오성첨단소재,00350048,20230228
052460,아이크래프트,00405719,20230328
052600,한네트,00244783,20221214
052670,제일바이오,00185505,20230818
052690,한전기술,00159209,20230206
052710,아모텍,00298447,20230214
052770,아이톡시,00346911,20230814
052790,액토즈소프트,00348034,20221207
052860,아이앤씨,00365758,20221226
052900,KX하이텍,00276834,20220714
052960,태양3C,00302236,20230228
053030,바이넥스,00216027,20220228
053050,지에스이,00351995,20220228
053060,세동,00133663,20211202
053080,케이엔솔,00304076,20230615
053160,프리엠스,00352064,20221209
053210,케이티스카이라이프,00349097,20230403
053260,금강철강,00105475,20221130
053270,구영테크,00202060,20221206
053280,예스24,00362858,20230329
053290,NE능률,00363927,20221202
053300,한국정보인증,00306454,20221214
053350,이니텍,00353610,20230216
053450,세코닉스,00351630,20211202
053580,웹케시,00323868,20230222
053590,한국테크놀로지,00355548,20221214
053610,프로텍,00325112,20221205
053620,태양,00186717,20221207
053690,한미글로벌,00413523,20230223
053700,삼보모터스,00351092,20230220
053800,안랩,00298270,20230206
053950,경남제약,00307028,20221207
053980,오상자이엘,00226547,20230502
054040,한국컴퓨터,00303396,20221130
054050,농우바이오,00176835,20211209
054090,삼진엘앤디,00239514,20230412
054180,메디콕스,00356839,20230817
054210,이랜텍,00206659,20221205
054220,비츠로시스,00201432,20230721
054300,팬스타엔터프라이즈,00339072,20230330
054410,케이피티유,00357607,20221130
054450,텔레칩스,00423177,20230222
054540,삼영엠텍,00250614,20230103
054620,APS,00296078,20230426
054630,에이디칩스,00356927,20231030
054670,대한뉴팜,00207375,20230103
054780,키이스트,00353762,20230413
054800,아이디스홀딩스,00359580,20230223
054920,한컴위드,00363592,20230331
054930,유신,00144650,20221205
054940,엑사이엔씨,00360577,20230103
054950,제이브이엠,00361381,20230327
055490,테이팩스,00256955,20220714
055550,신한지주,00382199,20230324
056080,유진로봇,00234227,20221207
056090,이노시스,00346610,20221219
056190,에스에프에이,00358271,20230213
056360,코위버,00360674,20221212
056700,신화인터텍,00228350,20230331
056730,CNT85,00318662,20230119
057030,YBM넷,00307222,20221219
057050,현대홈쇼핑,00412597,20230222
057540,옴니시스템,00265005,20221207
057680,티사이언티픽,00372688,20230630
057880,피에이치씨,00410739,20230306
058110,멕아이씨에스,00270113,20230216
058220,아리온,00441128,20220111
058400,KNN,00208134,20211213
058430,포스코스틸리온,00155258,20230221
058450,엔터파트너즈,00146427,20230508
058470,리노공업,00369657,20230216
058530,파나케이아,00353018,20231016
058610,에스피지,00220686,20221202
058630,엠게임,00397058,20221128
058650,세아홀딩스,00377610,20230329
058730,다스코,00353878,20230508
058820,CMG제약,00380429,20230717
058850,KTcs,00372882,20230222
058860,KTis,00372873,20230215
058970,엠로,00396925,20220228
059090,미코,00366942,20230113
059100,아이컴포넌트,00407285,20221202
059120,아진엑스텍,00404288,20221212
059210,메타바이오메드,00317681,20221206
059270,해성티피씨,00453442,20230222
060150,인선이엔티,00375931,20230223
060230,소니드,00363510,20231026
060240,룽투코리아,00373571,20221007
060250,NHN KCP,00357740,20230420
060260,뉴보텍,00351375,20221202
060280,큐렉소,00356802,20230811
060310,3S,00378363,20220526
060370,LS마린솔루션,00225742,20230830
060380,동양에스텍,00178851,20221202
060480,국일신동,00203847,20220223
060540,에스에이티,00379229,20230223
060560,홈센타홀딩스,00288495,20211202
060570,드림어스컴퍼니,00364467,20230222
060590,씨티씨바이오,00362292,20221201
060720,KH바텍,00378628,20230215
060850,영림원소프트랩,00532129,20220225
060900,DGP,00367695,20230612
060980,HL홀딩스,00299002,20230329
061040,알에프텍,00309831,20230223
061250,화일약품,00188973,20230327
061970,LB세미콘,00412348,20230921
062860,티엘아이,00261887,20221124
062970,피피아이,00403766,20230222
063080,컴투스홀딩스,00535746,20230616
063160,종근당바이오,00390055,20230223
063170,서울옥션,00410915,20221201
063440,SM Life Design,00367604,20230223
063570,한국전자금융,00363769,20220217
063760,이엘피,00374020,20230222
064090,웨스트라이즈,00390408,20230724
064240,홈캐스트,00385336,20221130
064260,다날,00389970,20220118
064290,인텍플러스,00479787,20230130
064350,현대로템,00302926,20230104
064480,브리지텍,00359076,20221121
064520,테크엘,00370255,20230328
064550,바이오니아,00326731,20230918
064760,티씨케이,00245472,20221129
064800,젬백스링크,00392691,20230117
064820,케이프,00152437,20230502
064850,에프앤가이드,00331016,20231005
064960,SNT모티브,00398792,20221115
065060,지엔코,00258102,20221202
065130,탑엔지니어링,00366845,20221220
065150,DSEN,00390860,20230517
065170,비엘팜텍,00384717,20221213
065350,신성델타테크,00136226,20230222
065370,위세아이텍,00374738,20230712
065420,에스아이리소스,00120906,20230705
065440,이루온,00390514,20230223
065450,빅텍,00385363,20221128
065500,오리엔트정공,00300405,20221212
065510,휴비츠,00398668,20230125
065530,와이어블,00250137,20230216
065560,녹원씨엔아이,00393469,20230403
065570,삼영이엔씨,00288343,20221118
065650,메디프론,00391197,20230330
065660,안트로젠,00631837,20220317
065680,우주일렉트로,00390903,20230223
065690,파커스,00384762,20230130
065710,서호전기,00220622,20221205
065770,CS,00303703,20220708
065950,웰크론,00362159,20221011
066130,하츠,00221728,20221207
066310,큐에스아이,00411446,20220225
066360,체리부로,00216434,20221206
066410,버킷스튜디오,00378220,20230707
066430,와이오엠,00370200,20221110
066570,LG전자,00401731,20230110
066590,우수AMS,00301422,20221220
066620,국보디자인,00253985,20221206
066670,디스플레이텍,00371740,20230711
066700,테라젠이텍스,00249894,20230404
066790,씨씨에스,00249441,20221117
066830,제노텍,00393618,20220224
066900,디에이피,00303192,20230323
066910,손오공,00306870,20221208
066970,엘앤에프,00398701,20220321
066980,한성크린텍,00389998,20231025
067000,조이시티,00397252,20230106
067010,이씨에스,00400060,20230223
067080,대화제약,00210740,20221213
067160,아프리카TV,00399694,20220224
067170,오텍,00397289,20230216
067280,멀티캠퍼스,00425351,20230316
067290,JW신약,00110431,20230512
067310,하나마이크론,00445054,20221202
067370,선바이오,00407036,20230222
067390,아스트,00409681,20230223
067570,엔브이에이치코리아,00146436,20230503
067630,HLB생명과학,00365590,20230502
067730,로지시스,00238199,20230210
067770,세진티에스,00406727,20230222
067830,세이브존I&C,00422895,20230421
067900,와이엔텍,00190756,20221201
067920,이글루,00364847,20221129
067990,도이치모터스,00449379,20230223
068050,팬엔터테인먼트,00397191,20230214
068240,다원시스,00523307,20211206
068270,셀트리온,00413046,20221213
068290,삼성출판사,00423690,20221205
068330,일신바이오,00385415,20221121
068400,SK렌터카,00201450,20230106
068760,셀트리온제약,00541349,20221129
068790,DMS,00361594,20230331
068930,디지털대성,00398808,20230223
068940,셀피글로벌,00308896,20230403
069080,웹젠,00405320,20221206
069140,누리플랜,00410997,20230331
069260,티케이지휴켐스,00426086,20230726
069330,유아이디,00400121,20221208
069410,엔텔스,00415707,20221206
069460,대호에이엘,00428729,20230823
069510,에스텍,00306719,20230203
069540,라이트론,00367482,20221207
069620,대웅제약,00427483,20230517
069640,한세엠케이,00357360,20221202
069730,DSR제강,00151298,20221202
069920,아이에스이커머스,00426068,20230615
069960,현대백화점,00428251,20230103
070300,엑스큐어,00683007,20221205
070590,한솔인티큐브,00470829,20230717
070960,용평리조트,00365989,20220221
071050,한국금융지주,00432102,20221228
071090,하이스틸,00435312,20221219
071200,인피니트헬스케어,00435969,20221202
071280,로체시스템즈,00363486,20221102
071320,지역난방공사,00159698,20230106
071460,위니아,00300557,20230403
071670,에이테크솔루션,00384887,20220228
071840,롯데하이마트,00158307,20230328
071850,캐스텍코리아,00302582,20230614
071950,코아스,00210856,20230220
071970,STX중공업,00406046,20221206
072020,중앙백신,00415327,20230908
072130,유엔젤,00416654,20230130
072470,우리산업홀딩스,00359623,20221206
072520,제넨바이오,00408956,20230515
072710,농심홀딩스,00459871,20230330
072770,율호,00583026,20230628
072870,메가스터디,00422284,20221202
072950,빛샘전자,00359261,20221128
072990,에이치시티,00527464,20230222
073010,케이에스피,00328191,20230213
073110,엘엠에스,00494218,20230411
073190,듀오백,00407771,20220222
073240,금호타이어,00481454,20230110
073490,이노와이어리스,00462121,20221130
073540,에프알텍,00442561,20230925
073560,우리손에프앤지,00413417,20230403
073570,리튬포어스,00440712,20231013
073640,테라사이언스,00373021,20230530
074430,아미노로직스,00466428,20230913
074600,원익QnC,00468374,20220330
074610,이엔플러스,00469799,20230328
075130,플랜티넷,00490179,20221201
075180,새론오토모티브,00305668,20221221
075580,세진중공업,00415628,20230216
075970,동국알앤에스,00472890,20230323
076080,웰크론한텍,00487546,20221205
076340,관악산업,00321204,20230221
076610,해성옵틱스,00483735,20230403
077360,덕산하이메탈,00471068,20231025
077500,유니퀘스트,00414601,20221212
077970,STX엔진,00480455,20230331
078000,텔코웨어,00361488,20221201
078020,이베스트투자증권,00330424,20230104
078070,유비쿼스홀딩스,00411385,20221208
078130,국일제지,00104573,20230330
078140,대봉엘에스,00442826,20221213
078150,HB테크놀러지,00255275,20221209
078160,메디포스트,00453929,20230209
078340,컴투스,00476498,20230331
078350,한양디지텍,00488989,20220228
078520,에이블씨엔씨,00400857,20230714
078590,휴림에이텍,00230814,20230831
078600,대주전자재료,00177816,20221207
078860,아이오케이,00543204,20230905
078890,가온그룹,00441304,20230417
078930,GS,00500254,20221227
078940,퀀타피아,00501970,20231024
079000,와토스코리아,00455875,20230328
079160,CJ CGV,00303873,20230109
079170,한창산업,00202839,20221201
079190,케스피온,00479705,20230731
079370,제우스,00442570,20221130
079430,현대리바트,00300548,20221130
079550,LIG넥스원,00503668,20221124
079650,서산,00130408,20221207
079810,디이엔티,00445160,20221208
079940,가비아,00506294,20221205
079950,인베니아,00409371,20221230
079960,동양이엔피,00178790,20230223
079970,투비소프트,00596260,20230619
079980,휴비스,00362238,20221205
080000,에스엔유,00455981,20221205
080010,이상네트웍스,00454399,20231006
080160,모두투어,00456218,20230713
080220,제주반도체,00447487,20221207
080420,모다이노칩,00480048,20230216
080470,성창오토텍,00486370,20221205
080520,오디텍,00529815,20221208
080530,코디,00308559,20221206
080580,오킨스전자,00543107,20230223
080720,한국유니온제약,00532855,20221205
081000,일진다이아,00508274,20221207
081150,티플랙스,00497631,20221207
081580,성우전자,00364306,20221212
081660,휠라홀딩스,00195229,20230713
082210,옵트론텍,00327396,20230908
082270,젬백스,00492894,20230331
082640,동양생명,00117267,20221230
082660,코스나인,00442455,20221209
082740,HSD엔진,00361008,20211222
082800,비보존 제약,00533191,20230703
082850,우리바이오,00369107,20220331
082920,비츠로셀,00154718,20221209
083310,엘오티베큠,00484682,20221209
083420,그린케미칼,00454946,20221201
083450,GST,00540863,20221201
083470,이엠앤아이,00475718,20230502
083500,에프엔에스테크,00476036,20230216
083550,케이엠,00242934,20221202
083640,인콘,00475976,20230725
083650,비에이치아이,00409788,20230216
083660,CSA 코스믹,00406037,20230713
083790,CG인바이츠,00407814,20230803
083930,아바코,00442145,20220225
084010,대한제강,00113225,20230403
084110,휴온스글로벌,00228059,20221128
084180,수성샐바시온,00243979,20230718
084370,유진테크,00531014,20221216
084440,유비온,00531078,20221128
084650,랩지노믹스,00545114,20230313
084670,동양고속,00540641,20230202
084680,이월드,00540605,20230220
084690,대상홀딩스,00539274,20221206
084730,팅크웨어,00438036,20220221
084850,아이티엠반도체,00579980,20230220
084870,티비에이치글로벌,00409672,20230922
084990,헬릭스미스,00359395,20230317
085310,엔케이,00172228,20230327
085620,미래에셋생명,00112332,20231026
085660,차바이오텍,00525679,20230403
085670,뉴프렉스,00493510,20221213
085810,알티캐스트,00364254,20230403
085910,네오티스,00447928,20230206
086040,바이오톡스텍,00447502,20221202
086060,진바이오텍,00491053,20221123
086220,비엘헬스케어,00523176,20230331
086280,현대글로비스,00360595,20230127
086390,유니테스트,00540447,20230222
086450,동국제약,00114808,20230829
086460,큐러블,00548519,20231024
086520,에코프로,00536541,20230331
086670,비엠티,00524786,20230516
086710,선진뷰티사이언스,00132202,20220801
086790,하나금융지주,00547583,20230922
086820,바이오솔루션,00560982,20230222
086890,이수앱지스,00526872,20221227
086900,메디톡스,00580199,20221206
086960,MDS테크,00445841,20230410
086980,쇼박스,00303794,20230901
087010,펩트론,00415868,20230220
087260,모바일어플라이언스,00556615,20220225
087600,픽셀플러스,00495086,20221214
088130,동아엘텍,00489243,20230216
088260,이리츠코크렙,00544452,20230328
088290,이원컴포텍,00409140,20230403
088350,한화생명,00113058,20220429
088390,이녹스,00494476,20230222
088790,진도,00557933,20221108
088800,에이스테크,00556907,20230703
088910,동우팜투테이블,00228712,20230403
088980,맥쿼리인프라,00435297,20200715
089010,켐트로닉스,00371485,20230223
089030,테크윙,00535676,20221130
089140,넥스턴바이오,00416414,20230223
089150,케이씨티,00441447,20230804
089230,THE E&M,00519252,20230209
089470,HDC현대EP,00357935,20230203
089530,에이티세미콘,00458562,20231006
089590,제주항공,00555874,20221227
089600,나스미디어,00486097,20230220
089790,제이티,00365457,20220214
089850,유비벨록스,00592653,20221219
089860,롯데렌탈,00545716,20230324
089890,코세스,00365934,20230222
089970,에이피티씨,00544577,20220418
089980,상아프론테크,00181299,20221230
090080,평화산업,00573579,20230330
090150,아이윈,00365624,20221130
090350,노루페인트,00583442,20221125
090360,로보스타,00536523,20221107
090370,메타랩스,00442835,20230613
090410,덕신하우징,00454937,20221130
090430,아모레퍼시픽,00583424,20230320
090460,비에이치,00447609,20230620
090470,제이스텍,00493185,20230220
090710,휴림로봇,00540429,20221207
090850,현대이지웰,00656951,20221206
091090,세원이앤씨,00585219,20230403
091120,이엠텍,00541163,20230221
091340,S&K폴리텍,00580667,20221130
091440,텔레필드,00560122,20221205
091580,상신이디피,00480783,20221107
091590,남화토건,00108001,20230222
091700,파트론,00490151,20230327
091810,티웨이항공,00671376,20230403
091970,나노캠텍,00542074,20231006
091990,셀트리온헬스케어,00554024,20221216
092040,아미코젠,00545734,20230314
092070,디엔에프,00569691,20221130
092130,이크레더블,00634728,20230330
092190,서울바이오시스,00488402,20230331
092200,디아이씨,00112165,20230216
092220,KEC,00589127,20230331
092230,KPX홀딩스,00587466,20221128
092300,현우산업,00367455,20230220
092440,기신정기,00106614,20220519
092460,한라IMS,00528515,20221202
092590,럭스피아,00578325,20220225
092600,앤씨앤,00537337,20221201
092730,네오팜,00551920,20230713
092780,동양피스톤,00117726,20230221
092790,넥스틸,00220613,20231018
092870,엑시콘,00611736,20230615
093050,LF,00593032,20221209
093190,빅솔론,00478900,20230217
093230,이아이디,00480950,20231031
093240,형지엘리트,00441243,20220721
093320,케이아이엔엑스,00603348,20221226
093370,후성,00595191,20230222
093380,풍강,00155373,20221027
093510,엔지브이아이,00521433,20230223
093520,매커스,00596677,20230410
093640,케이알엠,00536888,20230414
093920,서원인텍,00445799,20221220
094170,동운아나텍,00695969,20221130
094280,효성 ITX,00414850,20221207
094360,칩스앤미디어,00579971,20230222
094480,갤럭시아머니트리,00587457,20230102
094800,맵스리얼티1,00600013,20190405
094820,일진파워,00485177,20230214
094840,슈프리마에이치큐,00599957,20221206
094850,참좋은여행,00606770,20230220
094860,네오리진,00599106,20221202
094940,푸른기술,00537832,20221130
094970,제이엠티,00533508,20221206
095190,이엠코리아,00526951,20230502
095270,웨이브일렉트로,00526696,20221223
095340,ISC,00572905,20231005
095500,미래나노텍,00526836,20230222
095570,AJ네트웍스,00365387,20230330
095610,테스,00524421,20220225
095660,네오위즈,00628860,20230222
095700,제넥신,00545929,20231013
095720,웅진씽크빅,00628189,20230109
095910,에스에너지,00585538,20221206
096040,이트론,00480756,20230817
096240,크레버스,00525882,20230703
096350,대창솔루션,00177870,20221227
096530,씨젠,00788773,20230414
096610,알에프세미,00516246,20231013
096630,에스코넥,00573269,20221212
096690,에이루트,00608839,20221201
096760,JW홀딩스,00632304,20230512
096770,SK이노베이션,00631518,20230203
096870,엘디티,00540571,20221201
097230,HJ중공업,00633835,20221226
097520,엠씨넥스,00564562,20230227
097780,에코볼트,00562360,20230822
097800,윈팩,00536286,20220224
097870,효성오앤비,00367385,20220812
097950,CJ제일제당,00635134,20230103
098120,마이크로컨텍솔,00568188,20230223
098460,고영,00579999,20221206
098660,에스티오,00612188,20221129
099190,아이센스,00550994,20230223
099220,SDN,00574611,20230220
099320,쎄트렉아이,00449254,20221207
099390,브레인즈컴퍼니,00642897,20230224
099410,동방선기,00526678,20230330
099430,바이오플러스,00636656,20230215
099440,스맥,00580056,20230428
099520,ITX-AI,00627029,20230502
099750,이지케어텍,00490090,20220920
100030,인지소프트,00641171,20221213
100090,SK오션플랜트,00480367,20230419
100120,뷰웍스,00609324,20220228
100130,동국S&C,00415594,20230223
100220,비상교육,00520887,20221201
100250,진양홀딩스,00646732,20230516
100590,머큐리,00364740,20230220
100660,서암기계공업,00166528,20221128
100700,세운메디칼,00362201,20221205
100790,미래에셋벤처투자,00340096,20221206
100840,SNT에너지,00648721,20220809
101000,상상인인더스트리,00618410,20221122
101140,인바이오젠,00652423,20221129
101160,월덱스,00580065,20221213
101170,우림피티에스,00567222,20221124
101240,씨큐브,00520610,20230823
101330,모베이스,00498001,20230330
101360,에코앤드림,00619640,20230223
101390,아이엠,00609634,20230725
101400,엔시트론,00641393,20221202
101490,에스앤에스텍,00411048,20230217
101530,해태제과식품,00428321,20220331
101670,하이드로리튬,00527491,20230330
101680,한국정밀기계,00257732,20221109
101730,위메이드맥스,00643656,20221206
101930,인화정공,00482426,20211203
102120,어보브반도체,00591441,20230626
102260,동성케미컬,00679314,20230217
102280,쌍방울,00681142,20221209
102370,케이옥션,00668600,20230223
102460,이연제약,00145598,20230802
102710,이엔에프테크놀로지,00530185,20220401
102940,코오롱생명과학,00525642,20230329
102950,아하,00677334,20221130
103140,풍산,00684714,20230102
103230,에스앤더블류,00137012,20221205
103590,일진전기,00683469,20230215
103660,씨앗,00762377,20221206
103840,우양,00486875,20230220
104040,대성파인텍,00442905,20211207
104200,NHN벅스,00645089,20230801
104460,디와이피엔에프,00602136,20230330
104480,티케이케미칼,00693554,20221201
104540,코렌텍,00541437,20230331
104620,노랑풍선,00632845,20221129
104700,한국철강,00687711,20220222
104830,원익머트리얼즈,00623661,20230109
105330,케이엔더블유,00606664,20230828
105550,트루윈,00766106,20230221
105560,KB금융,00688996,20230119
105630,한세실업,00728638,20230102
105740,디케이락,00533003,20221213
105840,우진,00173944,20211210
106080,하이소닉,00542898,20230721
106190,하이텍팜,00409964,20221205
106240,파인테크닉스,00755739,20230913
106520,노블엠앤비,00536329,20230127
107590,미원홀딩스,00706715,20230331
107600,새빗켐,00862880,20220804
107640,한중엔시에스,00474588,20220225
108230,톱텍,00531917,20230410
108320,LX세미콘,00525934,20230222
108380,대양전기공업,00111193,20221213
108490,로보티즈,00946030,20220217
108670,LX하우시스,00759513,20230327
108860,셀바스AI,00666064,20230215
109070,컨버즈,00753643,20221207
109080,옵티시스,00660291,20221208
109610,에스와이,00535481,20230331
109740,디에스케이,00530121,20220223
109820,진매트릭스,00552992,20220224
109860,동일금속,00118284,20220225
109960,에이프로젠 H&G,00653194,20221207
110020,전진바이오팜,00632793,20220503
110790,크리스에프앤씨,00522007,20230222
110990,디아이티,00576798,20230118
111110,호전실업,00226316,20230222
111710,남화산업,00245694,20220502
111770,영원무역,00776820,20230223
111870,KH 전자,00125965,20221228
112040,위메이드,00444329,20230105
112190,KC산업,00366517,20230111
112290,와이씨켐,00619507,20230417
112610,씨에스윈드,00670340,20221202
113810,디젠스,00576789,20221212
114090,GKL,00557508,20221206
114120,크루셜텍,00618401,20221129
114190,강원에너지,00100601,20230509
114450,그린생명과학,00532059,20230619
114630,폴라리스우노,00663669,20230214
114810,한솔아이원스,00625942,20221221
114840,아이패밀리에스씨,00692254,20230221
114920,대주이엔티,00414540,20220216
115160,휴맥스,00787057,20230331
115180,큐리언트,01042650,20221118
115310,인포바인,00491415,20230221
115390,락앤락,00561866,20230918
115440,우리넷,00664048,20230609
115450,HLB테라퓨틱스,00552859,20230710
115480,씨유메디칼,00681249,20221214
115500,케이씨에스,00441650,20221201
115530,씨엔플러스,00660033,20221110
115570,스타플렉스,00405959,20221212
115610,이미지스,00694942,20221128
115960,연우,00372253,20230223
116100,태양기계,00442631,20230223
117580,대성에너지,00787376,20230213
117670,알파홀딩스,00605124,20221202
117730,티로보틱스,00867098,20220221
118000,에스메디,00791209,20230912
118990,모트렉스,00876908,20230217
119500,포메탈,00188797,20221228
119610,인터로조,00604426,20230222
119650,KC코트렐,00797364,20221213
119830,아이텍,00626011,20221207
119850,지엔씨에너지,00626464,20230403
119860,커넥트웨이브,00585608,20230912
120030,조선선재,00796994,20230727
120110,코오롱인더,00795135,20230329
120240,대정화금,00250997,20221206
121060,유니포인트,00445869,20230621
121440,골프존뉴딘홀딩스,00674498,20230220
121600,나노신소재,00439965,20221121
121800,비덴트,00693651,20230822
121850,코이즈,00807397,20221205
121890,에스디시스템,00604815,20221201
122310,제노레이,00799539,20231019
122350,삼기,00799177,20221208
122450,KX,00657987,20220801
122640,예스티,00530556,20221205
122690,서진오토모티브,00800145,20221110
122830,원포유,00337296,20230220
122870,와이지엔터테인먼트,00613318,20221214
122900,아이마켓코리아,00360142,20220704
122990,와이솔,00759294,20230216
123010,아이윈플러스,00615723,20230320
123040,엠에스오토텍,00259545,20220222
123330,제닉,00624998,20221201
123410,코리아에프티,00803425,20221213
123420,위메이드플레이,00815767,20221201
123570,이엠넷,00616290,20221130
123690,한국화장품,00823429,20221130
123700,에스제이엠,00815369,20230223
123750,알톤스포츠,00821607,20221130
123840,한일진공,00809429,20221212
123860,아나패스,00761952,20221207
123890,한국자산신탁,00404701,20221227
124500,아이티센,00620868,20230912
124560,태웅로직스,00562245,20230223
125210,아모그린텍,00611912,20230215
126340,비나텍,00563518,20230220
126560,현대퓨처넷,00403632,20230516
126600,BGF에코머티리얼즈,00599595,20230113
126640,화신정공,00825223,20221205
126700,하이비젼시스템,00825959,20221206
126720,수산인더스트리,00193328,20230403
126880,제이엔케이히터,00442154,20230626
127120,디엔에이링크,00642541,20230220
127710,아시아경제,00665676,20230223
127980,화인써키트,00527002,20230221
128540,에코캡,00870481,20221205
128660,피제이메탈,00829380,20221209
128820,대성산업,00828789,20231020
128940,한미약품,00828497,20230814
129260,인터지스,00151368,20221128
129890,앱코,01207716,20230327
129920,대성하이텍,00577335,20221208
130500,GH신소재,00491938,20230220
130580,나이스디앤비,00606293,20221201
130660,한전산업,00194947,20230811
130740,티피씨글로벌,00578538,20221207
131030,옵투스제약,00831428,20230920
131090,시큐브,00402110,20221201
131100,티엔엔터테인먼트,00814786,20231005
131180,딜리,00629212,20221202
131220,대한과학,00608316,20221205
131290,티에스이,00372226,20221130
131370,알서포트,00838962,20221207
131400,이브이첨단소재,00533924,20221128
131760,파인텍,00820352,20230220
131970,두산테스나,00563545,20221209
133750,메가엠디,00807555,20230803
133820,화인베스틸,00661847,20230330
134060,이퓨쳐,00788737,20230227
134380,미원화학,00855163,20230322
134580,탑코미디어,00608699,20230630
134790,시디즈,00852087,20230327
136410,아셈스,00922304,20230223
136480,하림,00857727,20221213
136490,선진,00855093,20230118
136510,스마트솔루션즈,00763358,20230912
136540,윈스,00868705,20221206
136660,큐엠씨,00816696,20221128
137080,나래나노텍,00362122,20230222
137310,에스디바이오센서,00854997,20230109
137400,피엔티,00612294,20230223
137940,넥스트아이,00614593,20221206
137950,제이씨케미칼,00664853,20230323
138040,메리츠금융지주,00860332,20230105
138070,신진에스엠,00577380,20221201
138080,오이솔루션,00571483,20221107
138360,협진,00808068,20230502
138490,코오롱플라스틱,00241005,20230329
138580,비즈니스온,01014657,20220228
138610,나이벡,00767628,20221208
138690,엘아이에스,00670085,20230811
138930,BNK금융지주,00858364,20230320
139050,시티랩스,00656021,20231017
139130,DGB금융지주,00878915,20230103
139480,이마트,00872984,20230508
139670,키네마스터,00535375,20230223
139990,아주스틸,00486705,20211201
140070,서플러스글로벌,00599285,20230223
140410,메지온,00808022,20221227
140520,대창스틸,00112721,20221201
140610,엔솔바이오사이언스,01018802,20221201
140660,위월드,00663289,20220225
140670,알에스오토메이션,00858124,20230216
140860,파크시스템스,00244747,20220225
140910,에이리츠,00860730,20220222
141000,비아트론,00610083,20230221
141020,디에스앤엘,00812362,20221201
141080,레고켐바이오,00842619,20221212
142210,유니트론텍,00879020,20230220
142280,녹십자엠에스,00513948,20221219
142760,비엘,00587925,20230223
143160,아이디스,00883980,20221129
143210,핸즈코퍼레이션,00119140,20230223
143240,사람인,00857480,20230419
143540,영우디에스피,00569646,20230220
144510,지씨셀,01010642,20230329
144960,뉴파워프라즈마,00521390,20230222
145020,휴젤,00888347,20230915
145210,다이나믹디자인,00453488,20221202
145270,케이탑리츠,00861076,20230330
145720,덴티움,00526599,20221130
145990,삼양사,00896285,20230109
146060,율촌,00495633,20230908
146320,비씨엔씨,01301623,20220429
147760,피엠티,00654175,20230519
147830,제룡산업,00899556,20221207
148140,비디아이,00610490,20230803
148150,세경하이테크,00913689,20230703
148250,알엔투테크놀로지,00915508,20230216
148780,비플라이소프트,00980043,20220805
148930,에이치와이티씨,00885906,20230904
149010,아이케이세미콘,00861100,20220826
149300,아퓨어스,00578130,20230502
149950,아바텍,00442048,20220225
149980,하이로닉,00977641,20230403
150440,피노텍,00990262,20221206
150840,인트로메딕,00661157,20230403
150900,파수,00638487,20211210
151860,KG ETS,00366137,20230502
151910,SBW생명과학,00653103,20230104
152550,한국ANKOR유전,00907013,20230427
153460,네이블커뮤니케이션즈,00842585,20230102
153490,우리이앤엘,00815095,20220331
153710,옵티팜,00971726,20230223
154030,아시아종묘,00867478,20220901
154040,다산솔루에타,00624518,20230426
155650,와이엠씨,00870861,20230215
155660,DSR,00110608,20230223
155900,바다로19호,00910947,20221123
156100,엘앤케이바이오,00918222,20230904
158430,아톤,00595182,20230403
159010,아스플로,00561732,20220603
159580,제로투세븐,00563837,20230327
159910,스킨앤스킨,00896753,20230911
160550,NEW,00974927,20221130
160600,이큐셀,00818472,20221129
160980,싸이맥스,00659161,20230324
161000,애경케미칼,00936787,20230913
161390,한국타이어앤테크놀로지,00937324,20221227
161570,THE MIDONG,00945208,20221216
161580,필옵틱스,00938721,20230221
161890,한국콜마,00939331,20221220
162120,루켄테크놀러지스,00886792,20231011
162300,신스틸,00958664,20230223
163430,디피코,01072518,20221125
163560,동일고무벨트,00939687,20230223
163730,핑거,01142075,20230220
164060,이루다,01142400,20230220
166090,하나머티리얼즈,00660750,20230222
166480,코아스템켐온,00989664,20230817
168330,내츄럴엔도텍,00923792,20221122
168360,펨트론,00957373,20230215
168490,한국패러랠,00960641,20230427
169330,엠브레인,00877174,20220822
169670,코스텍시스템,00610861,20230215
170030,현대공업,00164502,20230418
170790,파이오링크,00492353,20230221
170900,동아에스티,00956930,20230717
170920,엘티씨,00866062,20221125
171010,램테크놀러지,00654272,20221209
171090,선익시스템,00327819,20230215
171120,라이온켐텍,00317104,20230207
172670,에이엘티,00493325,20230727
173130,오파스넷,00867849,20230221
173940,에프엔씨엔터,00925295,20221205
174880,장원테크,00659684,20221129
174900,앱클론,00991191,20220407
175140,인포마크,00861997,20230330
175250,아이큐어,00554352,20230510
175330,JB금융지주,00980122,20230113
176590,코나솔,00666329,20230223
176750,듀켐바이오,00867034,20230904
177350,베셀,00813389,20230303
177830,파버나인,00429694,20221202
178320,서진시스템,00838005,20221208
178600,대동고려삼,00910202,20220824
178780,일월지엠엘,00923826,20230420
178920,PI첨단소재,00767460,20230324
179290,엠아이텍,00531829,20230214
179530,애드바이오텍,01022902,20220223
179720,렌딩머신,00978075,20230502
179900,유티아이,00961774,20230223
180060,탑선,00874937,20230222
180400,DXVX,00995993,20230821
180640,한진칼,00983040,20221229
181340,이즈미디어,00861720,20230119
181710,엔에이치엔,00983271,20221212
182360,큐브엔터,00985686,20221209
182400,엔케이맥스,00977650,20230217
183190,아세아시멘트,00990165,20221209
183300,코미코,00997812,20230215
183410,골프존데카,00764807,20230217
183490,엔지켐생명과학,00606886,20220518
184230,SGA솔루션즈,00988364,20221207
185190,수프로,00830447,20220513
185490,아이진,00945457,20221205
185750,종근당,00992871,20221205
186230,그린플러스,00602279,20230328
187220,디티앤씨,00675594,20230428
187270,신화콘텍,00925189,20221202
187420,제노포커스,00983916,20220223
187660,에이디엠코리아,01409022,20220330
187790,나노,00994994,20221128
187870,디바이스이엔지,00624509,20221201
189300,인텔리안테크,00664181,20220225
189330,씨이랩,00991298,20230220
189350,코셋,00965062,20230217
189690,포시에스,00939942,20230531
189860,서전기전,00869272,20230329
189980,흥국에프엔비,00916516,20231024
190510,나무가,00819374,20230222
190650,코리아에셋투자증권,00304915,20220523
191410,육일씨엔에쓰,00843900,20221208
191420,테고사이언스,00926522,20221205
191600,블루탑,00611286,20230217
192080,더블유게임즈,01010110,20230418
192250,케이사인,01003040,20231024
192390,윈하이텍,00910840,20230330
192400,쿠쿠홀딩스,00132354,20220502
192410,휴림네트웍스,00623184,20230503
192440,슈피겐코리아,00917861,20221212
192650,드림텍,00415646,20230214
192820,코스맥스,01009789,20230626
193250,와이제이엠게임즈,01035678,20221129
194370,제이에스코퍼레이션,00332927,20230220
194480,데브시스터즈,01008762,20230222
194700,노바렉스,00811372,20220223
195500,마니커에프앤지,00770312,20230904
195870,해성디에스,01032413,20230216
195940,HK이노엔,01012066,20230215
195990,에이비프로바이오,00620558,20221201
196170,알테오젠,00989619,20230222
196300,애니젠,00808086,20230214
196450,코아시아씨엠,01031502,20230601
196490,디에이테크놀로지,00660121,20230601
196700,웹스,00864338,20221213
197140,디지캡,00681373,20220609
198080,엔피디,00876643,20230213
198440,고려시멘트,01032583,20221130
198940,한주라이트메탈,00156600,20231005
199150,데이터스트림즈,00553025,20230220
199290,바이오프로테크,00669450,20221125
199730,바이오인프라,01110058,20230329
199800,툴젠,00547510,20230627
199820,제일전기공업,00148470,20230217
200130,콜마비앤에이치,01032404,20221130
200230,텔콘RF제약,00608802,20230222
200350,래몽래인,00990819,20230327
200470,에이팩트,00667425,20221226
200580,메디쎄이,01018617,20230223
200670,휴메딕스,00614478,20220906
200710,에이디테크놀로지,00657002,20230712
200780,비씨월드제약,00256043,20221207
200880,서연이화,01036446,20211215
201490,미투온,00965813,20220223
202960,판도라티비,00541862,20230222
203400,에이비온,00977377,20220223
203450,유니온커뮤니티,00408266,20230223
203650,드림시큐리티,01038693,20230222
203690,스피어파워,01036367,20230731
204020,그리티,00671978,20230221
204210,모두투어리츠,01035289,20220228
204270,제이앤티씨,00447575,20230216
204320,HL만도,01042775,20230327
204610,티쓰리,00609661,20230220
204620,글로벌텍스프리,01042711,20221208
204630,스튜디오산타클로스,01046203,20230221
204840,지엘팜텍,01042359,20221102
205100,엑셈,01042085,20230912
205470,휴마시스,01042979,20230320
205500,액션스퀘어,01042429,20221129
206400,베노티앤알,01043853,20230919
206560,덱스터,01021949,20220228
206640,바디텍메드,01046708,20220802
206650,유바이오로직스,00927558,20230104
206950,볼빅,00756163,20221223
207490,에이펙스인텍,00832700,20230222
207760,미스터블루,01047840,20230220
207940,삼성바이오로직스,00877059,20230109
208140,정다운,01047415,20230518
208340,파멥신,00972293,20230220
208350,지란지교시큐리티,01047169,20230915
208370,셀바스헬스케어,01047451,20230215
208640,썸에이지,01049422,20221202
208710,바이오로그디바이스,01047707,20230906
208850,이비테크,01116344,20230331
208860,엔지스테크널러지,01084364,20221208
208890,미래엔에듀파트너,00876209,20230331
210120,빅텐츠,00550082,20230817
210540,디와이파워,01059605,20221213
210980,SK디앤디,00508344,20230224
211050,인카금융서비스,01013694,20220914
211270,AP위성,00874803,20230502
212310,휴벡셀,01085442,20230103
212560,네오오토,00876865,20230221
213420,덕산네오룩스,01061558,20231025
213500,한솔제지,01060744,20230216
214150,클래시스,01061327,20221130
214180,헥토이노베이션,01013311,20230220
214260,라파스,01058101,20220225
214270,FSN,01061497,20230220
214310,에스엘에너지,00957568,20230428
214320,이노션,00565154,20230102
214330,금호에이치티,00105606,20221201
214370,케어젠,00549891,20230216
214390,경보제약,00101664,20230220
214420,토니모리,00816544,20221209
214430,아이쓰리시스템,00612489,20230223
214450,파마리서치,00970453,20230223
214610,미코바이오메드,01049167,20230824
214680,디알텍,01062867,20230222
214870,뉴지랩파마,00820389,20230323
215000,골프존,01067516,20230220
215090,휴센텍,01063884,20221130
215100,로보로보,01063990,20230220
215200,메가스터디교육,01074862,20221220
215360,우리산업,01077577,20221206
215380,우정바이오,01065013,20230214
215480,토박스코리아,01064069,20230220
215570,크로넥스,01034730,20230224
215600,신라젠,00919966,20221206
215790,이노인스트루먼트,01065679,20230727
216050,인크로스,00819073,20230809
216080,제테마,01222867,20230328
216400,인바이츠바이오코아,00537221,20230825
217190,제너셈,00666204,20221108
217270,넵튠,01067808,20230330
217320,썬테크,00963000,20220307
217330,싸이토젠,01046391,20221128
217480,에스디생명공학,01099667,20221214
217500,러셀,01068348,20211108
217620,디딤이앤에프,01068658,20230911
217730,강스템바이오텍,01025644,20230828
217820,원익피앤이,01020843,20230119
217880,틸론,00976615,20230721
217910,에스제이켐,01139497,20220228
217950,파마리서치바이오,01066058,20220425
218150,미래생명자원,01071944,20230201
218410,RFHIC,01078178,20230329
219130,타이거일렉,00617314,20230223
219420,링크제니시스,01109955,20230222
219550,디와이디,01089378,20230109
219750,지티지웰니스,01031229,20230412
220100,퓨쳐켐,01053540,20230222
220180,핸디소프트,00793155,20221201
220260,켐트로스,01089350,20220218
221800,유투바이오,01026616,20230217
221840,하이즈항공,00688358,20220512
221980,케이디켐,00370918,20230330
222040,코스맥스엔비티,00656289,20230403
222080,씨아이에스,01090471,20230403
222110,팬젠,00962922,20230222
222160,바이옵트로,01037542,20220603
222420,쎄노텍,01091054,20221209
222670,플럼라인생명과학,01063237,20221206
222800,심텍,01095722,20221206
222810,세토피아,01091382,20230609
222980,한국맥널티,00579139,20220223
223220,로지스몬,01060735,20230502
223250,드림씨아이에스,00916826,20230214
223310,커머스마이너,01075126,20230802
224020,에스케이씨에스,00878517,20230330
224060,더코디,00530413,20230425
224110,에이텍모빌리티,01099861,20230623
224760,엔에스컴퍼니,00929228,20230222
224810,엄지하우스,00607797,20230404
225190,삼양옵틱스,00992543,20230811
225220,제놀루션,01062177,20230223
225430,케이엠제약,01095704,20230217
225530,보광산업,00568461,20220224
225570,넥슨게임즈,01096341,20230216
225590,패션플랫폼,01101041,20221205
226320,잇츠한불,00911955,20230811
226330,신테카바이오,01344336,20230220
226340,본느,01098792,20220225
226360,KH 건설,01097906,20230222
226400,오스테오닉,01082348,20230220
226440,한송네오텍,01101722,20230413
226950,올릭스,01113718,20230223
227100,에이치앤비디자인,01207761,20231030
227420,도부마스크,01109690,20230403
227610,아우딘퓨쳐스,01080687,20230703
227840,현대코퍼레이션홀딩스,01108099,20221208
227950,엔투텍,01105621,20230120
228340,동양파일,00993931,20221124
228670,레이,00828761,20220930
228760,지노믹트리,01108248,20230502
228850,레이언스,00899459,20230221
229000,젠큐릭스,01051472,20230717
229500,노브메타파마,01065785,20221122
229640,LS전선아시아,01093007,20230324
230240,에치에프알,01108442,20230215
230360,에코마케팅,01029394,20230919
230980,에이트원,01110076,20230608
232140,와이아이케이,01109539,20230221
232530,이엠티,00925967,20230208
232680,라온테크,00911229,20220228
232830,시큐센,01113499,20230629
233250,메디안디노스틱,01035942,20230207
233990,질경이,01063556,20221129
234070,에이원알폼,00614089,20221206
234080,JW생명과학,00225706,20221202
234100,폴라리스세원,00617998,20230329
234300,에스트래픽,01014055,20221213
234340,헥토파이낸셜,00763701,20230220
234690,녹십자웰빙,01135057,20230131
234920,자이글,01020524,20230220
235980,메드팩토,01336373,20230215
236030,씨알푸드,01085187,20221213
236200,슈프리마,01124653,20230215
236340,메디젠휴먼케어,01023822,20230602
236810,엔비티,01051065,20230221
237690,에스티팜,00871833,20230217
237750,피앤씨테크,00525864,20220223
237820,플레이디,00862853,20230217
237880,클리오,00957735,20230223
238090,앤디포스,00942131,20230406
238120,얼라인드,01073678,20230220
238170,엔에스엠,01011872,20230324
238200,비피도,01109070,20230712
238490,힘스,00556712,20220228
238500,로보쓰리에이아이앤로보틱스,01118643,20230426
239340,줌인터넷,01128622,20230222
239610,에이치엘사이언스,01011438,20230714
239890,피엔에이치테크,01112889,20230407
240810,원익IPS,01135941,20221205
241520,DSC인베스트먼트,01109715,20211206
241560,두산밥캣,01032486,20221229
241590,화승엔터프라이즈,01128613,20230214
241690,유니테크노,00531865,20230503
241710,코스메카코리아,00763473,20220225
241770,메카로,00652007,20230502
241790,오션브릿지,01113754,20230221
241820,피씨엘,01051092,20221201
241840,에이스토리,00975290,20221006
242040,나무기술,01136348,20230223
243070,휴온스,01159853,20221007
243840,신흥에스이씨,00807379,20230221
243870,굿센,00565215,20220420
244460,올리패스,01070149,20220224
244880,나눔테크,01117422,20230215
244920,에이플러스에셋,00684802,20230213
245450,씨앤에스링크,01116380,20230213
245620,EDGC,01182550,20230519
246250,에스엘에스바이오,01112700,20231020
246690,TS인베스트먼트,00778235,20230327
246710,티앤알바이오팹,01109937,20230704
246720,아스타,01157235,20221205
246960,이노테라피,01110182,20230314
247540,에코프로비엠,01160363,20230223
247660,나노씨엠에스,00660459,20230926
248020,젬,01169498,20221220
248070,솔루엠,01159233,20230210
248170,샘표식품,01167056,20230221
249420,일동제약,01168383,20221130
250000,보라티알,01124680,20230223
250030,진코스텍,01158632,20220225
250060,모비스,01165155,20221110
250930,예선테크,01166109,20230221
251120,바이오에프디엔씨,01160974,20220405
251270,넷마블,00904672,20230516
251280,안지오랩,01115044,20221202
251370,와이엠티,00602172,20220803
251630,브이원텍,01027794,20220228
251970,펌텍코리아,00761059,20230223
252500,세화피앤씨,01169267,20230221
252990,샘씨엔에스,01199727,20230221
253450,스튜디오드래곤,01168684,20230627
253590,네오셈,01170865,20221209
253610,루트락,01262023,20211209
253840,수젠텍,01063954,20230523
254120,자비스,01174038,20230217
254160,제이엠멀티,01366824,20220503
254490,미래반도체,00299844,20230222
255220,SG,00963976,20230220
255440,야스,00875307,20230216
256150,한독크린텍,01069736,20230217
256630,포인트엔지니어링,01179608,20230324
256840,한국비엔씨,01179617,20230220
256940,케이피에스,01037214,20221201
257370,피엔티엠에스,01144569,20231018
257720,실리콘투,00982023,20230222
257990,나우코스,00425254,20220729
258050,테크트랜스,01246742,20230220
258250,셀젠텍,01117918,20220228
258540,에스엘테라퓨틱스,01109122,20221228
258610,케일럼,00961507,20231027
258790,소프트캠프,01182408,20230221
258830,세종메디칼,00959229,20230215
259630,엠플러스,00833064,20221212
259960,크래프톤,00760971,20231027
260660,알리코제약,00447007,20230215
260870,SK시그넷,01188730,20230222
260930,씨티케이,01144028,20230818
260970,에스앤디,00560849,20230221
261200,덴티스,01187494,20221124
261780,차백신연구소,01141599,20230104
262260,에이프로,00604268,20230613
262840,아이퀘스트,01146822,20230217
263020,디케이앤디,00892526,20230223
263050,유틸렉스,01110678,20230403
263540,어스앤에어로스페이스,00971090,20230802
263600,덕우전자,00571298,20230223
263690,디알젬,00966168,20220221
263700,케어랩스,01187148,20230216
263720,디앤씨미디어,01186404,20230424
263750,펄어비스,01152470,20230210
263770,유에스티,01196313,20221212
263800,데이타솔루션,00877819,20230221
263810,상신전자,00760999,20230526
263860,지니언스,00962223,20220214
263920,휴엠앤씨,01185566,20221205
264450,유비쿼스,01203376,20231004
264660,씨앤지하이테크,00605328,20230703
264850,이랜시스,01199189,20230222
264900,크라운제과,01205329,20230215
265520,AP시스템,01203808,20230222
265560,영화테크,00659976,20230216
265740,엔에프씨,01217829,20230220
266170,뿌리깊은나무들,00990396,20230222
266470,바이오인프라생명과학,01130885,20230223
266870,파워풀엑스,01190780,20230502
267250,HD현대,01205709,20230502
267260,HD현대일렉트릭,01205851,20230428
267270,HD현대건설기계,01205842,20230518
267290,경동도시가스,01208885,20230215
267320,나인테크,01208849,20220622
267790,배럴,01182240,20220725
267850,아시아나IDT,00458234,20230106
267980,매일유업,01234507,20230403
268280,미원에스씨,01234297,20220225
268600,셀리버리,01182444,20230714
269620,시스웍,01188378,20231024
270210,에스알바이오텍,01187458,20220401
270520,지오릿에너지,01228515,20230515
270660,에브리봇,01201590,20220825
270870,뉴트리,01214248,20230220
271560,오리온,01238169,20230220
271830,팸텍,01146220,20230523
271940,일진하이솔루스,00972503,20230324
271980,제일약품,01236897,20230214
272110,케이엔제이,00769158,20230502
272210,한화시스템,00339391,20230106
272290,이녹스첨단소재,01237540,20230223
272450,진에어,00653024,20221205
272550,삼양패키징,01060814,20230323
273060,와이즈버즈,01236532,20231030
273640,와이엠텍,01215618,20230425
274090,켄코아에어로스페이스,01158553,20221128
274400,이노시뮬레이션,00965318,20230706
275630,에스에스알,01250374,20221206
276040,스코넥,01290248,20220224
276240,엘리비젼,01119651,20221125
276730,제주맥주,01230255,20221129
277070,린드먼아시아,00616962,20221130
277410,인산가,01243161,20230210
277810,레인보우로보틱스,01261644,20230202
277880,티에스아이,01139035,20230214
278280,천보,00897752,20230221
278650,HLB바이오스텝,01189438,20230418
278990,EMB,01117246,20230217
279060,이노벡스,01353848,20220228
279600,미디어젠,01190124,20220225
280360,롯데웰푸드,01258507,20230525
281740,레이크머티리얼즈,01255652,20220225
281820,케이씨텍,01261893,20230217
282330,BGF리테일,01263022,20230109
282690,동아타이어,01262458,20230214
282720,금양그린파워,00872656,20230313
282880,코윈테크,01211232,20230220
283100,노보믹스,01332137,20230419
284620,카이노스메드,01263527,20230222
284740,쿠쿠홈시스,01267684,20220304
285130,SK케미칼,01267170,20230329
285490,노바텍,01259232,20230223
285800,진영,00816933,20230601
286000,씨엔티드림,01114559,20211202
286750,나노브릭,01136001,20230222
286940,롯데정보통신,01262032,20220215
287410,제이시스메디칼,01267602,20230329
288330,브릿지바이오,01227039,20230906
288490,나라소프트,01267550,20231019
288620,에스퓨얼셀,01257872,20220325
288980,모아데이타,01423837,20230223
289010,아이스크림에듀,00983934,20220704
289080,SV인베스트먼트,00599151,20220520
289170,바이오텐,01352575,20231013
289220,자이언트스텝,01264438,20220929
289860,지슨,00945776,20230126
290090,트윔,01217014,20221122
290120,대유에이피,01182578,20230223
290270,휴네시온,01251577,20230227
290380,대유,00384948,20230927
290520,신도기연,00961570,20230220
290550,디케이티,01137903,20230403
290650,엘앤씨바이오,01181515,20230419
290660,네오펙트,01246034,20230222
290670,대보마그네틱,01259418,20230224
290690,소룩스,00605522,20230703
290720,푸드나무,01259311,20230213
290740,액트로,01141942,20220225
291230,엔피,01276901,20230331
291650,압타머사이언스,01265251,20220228
291810,핀텔,01524507,20231017
293480,하나제약,00248974,20230403
293490,카카오게임즈,01137383,20230110
293580,나우IB,00651017,20230919
293780,압타바이오,01251595,20220214
293940,신한알파리츠,01276594,20220907
294090,이오플로우,01274310,20230403
294140,레몬,01011395,20221102
294570,쿠콘,01311055,20230222
294630,서남,00867973,20220228
294870,HDC현대산업개발,01310269,20230111
296520,가이아코퍼레이션,01229240,20230621
296640,이노룰스,01341630,20221007
297090,씨에스베어링,00765462,20230222
297570,알로이스,01309795,20230221
297890,HB솔루션,00523936,20220907
298000,효성화학,01316236,20230220
298020,효성티앤씨,01316227,20230216
298040,효성중공업,01316245,20230113
298050,효성첨단소재,01316254,20230321
298060,에스씨엠생명과학,01110474,20230223
298380,에이비엘바이오,01256864,20230314
298540,더네이쳐홀딩스,01214743,20230216
298690,에어부산,00651901,20230103
298830,슈어소프트테크,01012640,20230428
299030,하나기술,00601191,20220221
299170,더블유에스아이,01318261,20230817
299480,지앤이헬스케어,01188749,20230222
299660,셀리드,01235296,20220304
299670,에스엠비나,01203507,20231013
299900,위지윅스튜디오,01276327,20230807
299910,베스파,01259056,20221202
300080,플리토,01237434,20230901
300120,라온피플,01251489,20230216
300720,한일시멘트,01319808,20221206
301300,바이브컴퍼니,00403793,20230403
302430,이노메트리,01258710,20230220
302440,SK바이오사이언스,01319899,20221230
302550,리메드,01275665,20230912
302920,더콘텐츠온,00991225,20230223
303030,지니틱스,01318933,20221205
303360,프로테옴텍,01267958,20230616
303530,이노뎁,01264872,20220415
304100,솔트룩스,01050738,20220225
304360,에스바이오메딕스,01258020,20230504
304840,피플바이오,01118281,20230222
305090,마이크로디지탈,01267967,20220513
306040,에스제이그룹,01222432,20230209
306200,세아제강,01325979,20221209
306620,네온테크,01325429,20221212
307180,아이엘사이언스,01326279,20230213
307280,원바이오젠,01326224,20230220
307750,국전약품,01329957,20220228
307870,비투엔,01326792,20230830
307930,컴퍼니케이,00598198,20230220
307950,현대오토에버,00362441,20230103
308080,바이젠셀,01335790,20230227
308100,까스텔바작,01181807,20230331
308170,씨티알모빌리티,00450010,20230427
308700,테크엔,01016886,20230307
309930,오하임앤컴퍼니,01335453,20230914
309960,LB인베스트먼트,00231901,20230329
310200,애니플러스,01335578,20230516
310210,보로노이,01327746,20230222
310870,디와이씨,01336443,20230223
311060,엘에이티,01264234,20221128
311320,지오엘리먼트,00668965,20220224
311390,네오크레마,01219155,20221222
311690,CJ 바이오사이언스,01071041,20230214
311960,에이아이더뉴트리진,01290132,20230901
312610,에이에프더블류,01223219,20230330
313760,윌링스,00863038,20230221
314130,지놈앤컴퍼니,01276026,20230601
314140,알피바이오,01182259,20230223
314930,바이오다인,01117413,20221229
315640,딥노이드,01344831,20230223
316140,우리금융지주,01350869,20230327
317120,라닉스,01327092,20230216
317240,TS트릴리온,01353024,20220225
317330,덕산테코피아,01021666,20230222
317400,자이에스앤디,00367844,20230215
317530,캐리소프트,01267222,20220228
317690,퀀타매트릭스,01311286,20220915
317770,엑스페릭스,01231786,20230717
317830,에스피시스템스,00624749,20230328
317850,대모,00450995,20220221
317860,노드메이슨,01328170,20230228
317870,엔바이오니아,00964595,20220331
318000,KBG,00876166,20230324
318010,팜스빌,00986898,20221102
318020,포인트모바일,00962393,20230403
318160,셀바이오휴먼텍,01288410,20230420
318410,비비씨,01153105,20230209
318660,타임기술,01345724,20230220
319400,현대무벡스,01358463,20230331
319660,피에스케이,01365825,20230222
320000,윈텍,01359815,20230526
321260,프로이천,01359736,20220225
321370,센서뷰,01593668,20230719
321550,티움바이오,01335930,20230816
321820,와이더플래닛,01116502,20230629
322000,HD현대에너지솔루션,01199550,20230417
322180,티라유텍,01309388,20220311
322190,베른,01412938,20221206
322310,오로스테크놀로지,01016479,20230413
322510,제이엘케이,01153293,20230216
322780,코퍼스코리아,01364297,20230223
322970,무진메디,01293388,20220708
323230,엠에프엠코리아,01384477,20230223
323280,태성,01366000,20230227
323350,다원넥스뷰,01344363,20230314
323410,카카오뱅크,01133217,20221228
323990,박셀바이오,01335851,20230222
326030,에스케이바이오팜,00878696,20230329
327260,RF머트리얼즈,01343665,20230328
327610,펨토바이오메드,01336735,20230414
328130,루닛,01397620,20230220
328380,솔트웨어,01390399,20221104
329180,HD현대중공업,01390344,20230417
330350,위더스제약,00765851,20220228
330590,롯데리츠,01363818,20230704
330730,스톤브릿지벤처스,01305249,20230509
330860,네패스아크,01368354,20230214
331380,포커스에이치엔에스,01393721,20230207
331520,밸로프,01398151,20230222
331660,한국미라클피플사,01363924,20230221
331920,셀레믹스,01114586,20230217
332290,누보,01394669,20230224
332370,아이디피,01213586,20220225
332570,와이팜,01015160,20230221
333050,모코엠시스,01407158,20230502
333430,일승,01396676,20230330
333620,엔시스,01310773,20230403
334890,이지스밸류플러스리츠,01394377,20221013
334970,프레스티지바이오로직스,01258428,20230330
335810,프리시젼바이오,01137295,20220225
335870,윙스풋,01405585,20230222
335890,비올,01406618,20220222
336040,타스컴,01118139,20230502
336060,웨이버스,01408999,20230217
336260,두산퓨얼셀,01412725,20230217
336370,솔루스첨단소재,01412822,20230608
336570,원텍,01407909,20220819
337840,유엑스엔,01396931,20221108
337930,브랜드엑스코퍼레이션,01391103,20220225
338100,NH프라임리츠,01391033,20230222
338220,뷰노,01344202,20220617
339770,교촌에프앤비,00453284,20230515
339950,아이비김영,01414422,20230912
340360,다보링크,01416642,20221205
340440,세림B&G,01416572,20230222
340570,티앤엘,00608440,20230221
340810,씨유박스,01315042,20230920
340930,유일에너테크,01368637,20230728
341170,퓨쳐메디신,01185867,20221201
341310,이앤에치,01337017,20220506
343090,HLB사이언스,01413371,20230329
344820,케이씨씨글라스,01428203,20230829
344860,이노진,01419135,20230220
346010,타이드,01309069,20221228
347000,센코,01023318,20231030
347700,라이프시맨틱스,01336762,20230220
347740,피엔케이피부임상연구센타,01290381,20230220
347770,핌스,01405390,20230217
347860,알체라,01405451,20230220
347890,엠투아이,00670766,20230713
348030,모비릭스,01210190,20230508
348080,큐라티스,01357765,20230918
348150,고바이오랩,01399071,20220802
348210,넥스틴,01080252,20230222
348340,뉴로메카,01336461,20230223
348350,위드텍,00925587,20230223
348370,엔켐,01011526,20230220
348950,제이알글로벌리츠,01415892,20220818
350520,이지스레지던스리츠,01436628,20220823
351020,미쥬,01547933,20231026
351320,에스에이티이엔지,01440153,20230222
351330,이삭엔지니어링,01135640,20220810
352480,씨앤씨인터내셔널,01226410,20230209
352700,씨앤투스,00875237,20230217
352770,클리노믹스,01201970,20230329
352820,하이브,01204056,20230110
352910,오비고,00494546,20220228
352940,인바이오,00367871,20221201
353190,휴럼,01453670,20220224
353200,대덕전자,01478712,20230216
353590,오토앤,01084294,20220225
353810,이지바이오,01480568,20230403
354200,엔젠바이오,01397903,20230227
354320,알멕,00229030,20230630
354390,바스칸바이오제약,00533809,20230222
355150,코스텍시스,01476219,20230403
355390,크라우드웍스,01514005,20230831
356680,엑스게이트,01372782,20230316
356860,티엘비,00920379,20230223
356890,싸이버원,01293953,20230222
357120,코람코라이프인프라리츠,01430475,20230920
357230,에이치피오,01068737,20230303
357250,미래에셋맵스리츠,01437292,20230120
357430,마스턴프리미어리츠,01442966,20221123
357550,석경에이티,00921916,20230214
357580,아모센스,01012987,20230120
357780,솔브레인,01489648,20220209
357880,비트나인,01381984,20230223
358570,지아이이노베이션,01351080,20230330
359090,씨엔알리서치,01487446,20230222
360070,탑머티리얼,01360875,20221018
361390,제노코,01014718,20230220
361570,알비더블유,01303029,20220425
361610,SK아이이테크놀로지,01386916,20230328
361670,삼영에스앤씨,00405506,20220228
362320,청담글로벌,01534577,20230331
363250,진시스템,01437858,20220216
363260,모비데이즈,01493535,20230427
363280,티와이홀딩스,01497869,20230216
365270,큐라클,01397772,20230217
365340,성일하이텍,01274329,20230222
365550,ESR켄달스퀘어리츠,01437186,20230119
365590,하이딥,01505186,20221205
365900,브이씨,01354740,20230217
366030,공구우먼,01307335,20230502
367000,플래티어,01454341,20220224
367360,DB금융스팩9호,01505469,20220218
368600,아이씨에이치,01302853,20230216
368770,파이버프로,01513440,20230217
368970,오에스피,01491607,20230222
369370,블리츠웨이,01508855,20230227
370090,퓨런티어,01357446,20230221
371950,풍원정밀,00417167,20220721
372170,윤성에프앤씨,00925374,20230502
372290,하나머스트7호스팩,01513404,20230216
372800,아이티아이즈,01429840,20220221
372910,한컴라이프케어,00534598,20220321
373170,엠아이큐브솔루션,01497142,20230804
373200,하인크코리아,01514698,20230731
373220,LG에너지솔루션,01515323,20230109
373340,유진스팩6호,01514519,20230223
375500,DL이앤씨,01524093,20230113
376180,피코그램,00604028,20220209
376190,LB루셈,00527011,20230411
376290,씨유테크,00575106,20230215
376300,디어유,01456011,20230216
376930,노을,01494118,20230216
376980,원티드랩,01441611,20230221
377030,맥스트,01409095,20230221
377190,디앤디플랫폼리츠,01475609,20220920
377220,프롬바이오,01217865,20230522
377300,카카오페이,01244601,20221227
377330,이지트로닉스,01140837,20220406
377400,하이제6호스팩,01526949,20230221
377450,리파인,01210066,20230223
377460,위니아에이드,01175499,20231010
377480,마음AI,01297898,20230731
377630,삼성스팩4호,01528530,20230223
377740,바이오노트,00622787,20221222
378340,필에너지,01488320,20230714
378800,샤페론,01387164,20230222
378850,화승알앤에이,01532603,20220330
379390,이성씨엔아이,01365384,20230403
380320,삼성머스트스팩5호,01534522,20230215
380440,엔에이치스팩19호,01535257,20230213
380540,옵티코어,01506990,20230818
381970,케이카,01323032,20230221
382480,지아이텍,01311310,20220307
382800,지앤비에스 에코,00958327,20230412
382840,원준,01459212,20220225
382900,범한퓨얼셀,01435489,20230220
383220,F&F,01568413,20230220
383310,에코프로에이치엔,01566248,20230223
383800,LX홀딩스,01562589,20230217
383930,디티앤씨알오,01437432,20230216
384470,코어라인소프트,01512575,20230918
386580,한화플러스제2호스팩,01572489,20220223
388050,지투파워,01462605,20230216
388610,지에프씨생명과학,01221752,20221223
388720,유일로보틱스,01152586,20230220
388790,라이콤,01569102,20231010
388800,유진스팩7호,01569838,20230223
388870,파로스아이바이오,01495180,20230727
389020,자람테크놀로지,01365038,20230307
389030,지니너스,01494154,20230918
389140,포바이포,01513699,20230517
389260,대명에너지,01150515,20230220
389470,인벤티지랩,01516456,20230223
389500,에스비비테크,00567897,20230316
390110,애니메디솔루션,01507810,20230220
391060,엔에이치스팩20호,01573974,20230221
391710,코닉오토메이션,01573284,20230302
393210,토마토시스템,01436479,20230427
393360,신한제8호스팩,01574760,20230223
393890,더블유씨피,01291317,20230208
394280,오픈엣지테크놀로지,01571107,20230222
395400,SK리츠,01535150,20221220
396270,넥스트칩,01515864,20230208
396300,세아메카닉스,00534701,20230223
396470,워트,00866451,20231026
396690,미래에셋글로벌리츠,01576102,20230110
397030,에이프릴바이오,01375822,20230223
397880,교보11호스팩,01582228,20220223
399720,가온칩스,01364747,20230216
400760,NH올원리츠,01480780,20230920
400840,하이제7호스팩,01586172,20220228
402030,코난테크놀로지,00601988,20230330
402340,SK스퀘어,01596425,20230331
402420,켈스,01507722,20230220
403360,라피치,01466832,20221103
403490,우듬지팜,01299106,20230927
403550,쏘카,01026157,20221123
403870,HPSP,01288827,20230223
404950,디비금융스팩10호,01591262,20230222
404990,신한서부티엔디리츠,01436558,20220729
405000,플라즈맵,01575839,20230403
405100,큐알티,01033591,20230227
405350,IBKS제17호스팩,01591606,20230216
405640,신한제9호스팩,01594764,20220718
405920,나라셀라,01021639,20230919
406760,하나금융21호스팩,01593242,20230222
406820,뷰티스킨,01147487,20230724
407400,꿈비,01586455,20230209
408900,스튜디오미르,01139965,20230222
408920,메쎄이상,01596656,20230404
411080,샌즈랩,01242241,20231024
412350,레이저쎌,01573381,20230407
412930,미래에셋비전스팩1호,01601286,20220421
413300,티엘엔지니어링,01583953,20221118
413600,키움제6호스팩,01616808,20230216
413630,유진스팩8호,01601222,20230221
415580,상상인제3호스팩,01604371,20230214
416180,신성에스티,00761183,20231019
417010,나노팀,01524118,20230303
417180,핑거스토리,01584934,20230215
417310,코람코더원리츠,01180118,20230119
417500,제이아이테크,01367586,20230227
417790,트루엔,01134216,20230517
417840,저스템,01383229,20230803
417860,오브젠,01472930,20230214
417970,모델솔루션,00657783,20230116
418170,하나금융22호스팩,01613281,20220803
418210,신한제10호스팩,01616482,20230331
418250,시큐레터,01579570,20230824
418420,라온텍,00965512,20230706
418470,밀리의서재,01467451,20230927
418550,제이오,00411808,20230216
419050,삼기이브이,01526806,20230203
419080,엔젯,01587056,20230209
419120,산돌,01516368,20221027
419270,신영스팩7호,01612608,20230217
419530,SAMG엔터,01082418,20230425
419540,비스토스,01506848,20230221
419700,이브이파킹서비스,01695498,20230705
420770,기가비스,00765569,20230524
421800,교보12호스팩,01620713,20230126
422040,엔에이치스팩23호,01619513,20230215
424140,케이비제21호스팩,01621280,20230223
424760,벨로크,01622331,20230612
424960,스마트레이더시스템,01555215,20230822
424980,마이크로투나노,00624378,20230426
425040,티이엠씨,01301252,20230223
425290,삼성스팩6호,01624162,20230208
425420,티에프이,01035368,20221117
426550,IBKS제19호스팩,01632851,20230216
427950,하나금융23호스팩,01652970,20220915
429270,시지트로닉스,01284751,20230803
430220,신영스팩8호,01656374,20230217
430230,하나금융24호스팩,01658266,20230221
430460,한화플러스제3호스팩,01663055,20221213
430690,한싹,01602638,20231004
430700,유안타제9호스팩,01663639,20230214
432320,KB스타리츠,01622720,20230726
432430,와이랩,01406265,20230720
432720,퀄리타스반도체,01584183,20231027
433530,키움제7호스팩,01667592,20230223
434190,탈로스,01020269,20221123
434480,모니터랩,01583652,20230519
435380,유안타제10호스팩,01670675,20230223
435620,하나금융25호스팩,01669475,20230220
435870,SK증권제8호스팩,01671197,20230223
436530,케이비제22호스팩,01672053,20230130
436610,한국제11호스팩,01672114,20230223
437780,엔에이치스팩24호,01674538,20230220
438220,대신밸런스제13호스팩,01675014,20221128
438580,엔에이치스팩25호,01674468,20230215
438700,버넥트,01605529,20230907
439090,마녀공장,01136977,20230608
439250,삼성스팩7호,01675227,20230208
439410,엔에이치스팩26호,01675254,20230215
439730,IBKS제20호스팩,01675421,20230214
440110,파두,01292291,20231019
440200,케이비제23호스팩,01676989,20230131
440320,오픈놀,01585155,20230630
440790,교보13호스팩,01677678,20221115
440820,엔에이치스팩27호,01677429,20230215
441270,파인엠텍,01686755,20221027
442130,유진스팩9호,01678835,20230221
442310,대신밸런스제14호스팩,01696451,20221205
442770,IBKS제21호스팩,01682740,20230222
442900,미래에셋드림스팩1호,01683387,20230315
443250,레뷰코퍼레이션,01468061,20231006
444920,유안타제11호스팩,01688346,20230901
445180,퓨릿,01027828,20231018
445360,비엔케이제1호스팩,01689336,20230214
445680,큐리옥스바이오시스템즈,01498974,20230810
445970,신영스팩9호,01689938,20230217
446070,유니드비티플러스,01702017,20230703
446150,유안타제12호스팩,01690235,20230317
446190,미래에셋비전스팩2호,01692321,20230224
446440,에피바이오텍,01281541,20231026
446600,카이바이오텍,01671601,20230223
446750,하나26호스팩,01696275,20230911
446840,키움제8호스팩,01693922,20230517
447690,아이오바이오,01680131,20230227
448370,하나27호스팩,01700374,20230406
448710,코츠테크놀로지,00959210,20230810
448730,삼성FN리츠,01688896,20230413
448740,삼성스팩8호,01700921,20230302
448760,IBKS제22호스팩,01701328,20230406
448780,마이크로엔엑스,01206717,20230217
448830,미래에셋비전스팩3호,01702424,20230407
448900,한국피아이엠,00765897,20230830
449020,유안타제13호스팩,01701753,20230228
450050,하이제8호스팩,01705625,20230622
450140,코오롱모빌리티그룹,01712485,20230324
450410,엔에이치스팩28호,01705777,20230309
450520,인스웨이브시스템즈,01222113,20231004
450940,유안타제14호스팩,01706819,20230727
451220,아이엠티,01546101,20231010
451700,엔에이치스팩29호,01712616,20230623
451800,한화리츠,01669226,20230327
452260,한화갤러리아,01722437,20231030
452670,상상인제4호스팩,01717170,20230914
452980,신한제11호스팩,01719105,20231004
453340,현대그린푸드,01721809,20230427
454640,하나29호스팩,01724417,20230628
454750,하나28호스팩,01724338,20230810
454910,두산로보틱스,01105153,20231005
455250,KB제25호스팩,01724709,20230623
455310,한화플러스제4호스팩,01725160,20231025
455910,SK증권제9호스팩,01725577,20230721
456040,OCI,01760738,20230530
456190,큐라켐,01205514,20230518
456440,DB금융스팩11호,01731453,20230712
456490,교보14호스팩,01760640,20230706
456570,아이엠지티,01579020,20230719
456700,길교이앤씨,00874797,20230726
457190,이수스페셜티케미컬,01762569,20230704
457390,대신밸런스제15호스팩,01751448,20230830
457630,대신밸런스제16호스팩,01738483,20230904
457940,SK증권제10호스팩,01744703,20230811
458320,KB제26호스팩,01766167,20230810
458610,한국제12호스팩,01761296,20230830
460850,동국씨엠,01765256,20230718
460860,동국제강,01765265,20230717
462020,에이치엠씨제6호스팩,01767494,20231013
462520,조선내화,01770203,20230912
465770,STX그린로지스,01784394,20231023
900070,글로벌에스엠,00783246,20170703
900100,애머릿지,00781202,20230130
900110,이스트아시아홀딩스,00799070,20210607
900120,씨케이에이치,00800084,20221004
900140,엘브이엠씨,00838500,20210611
900250,크리스탈신소재,01107665,20201109
900260,로스웰,01139266,20190312
900270,헝셩그룹,01160512,20221107
900280,골든센츄리,01168143,20221021
900290,GRT,01170962,20181122
900300,오가닉티코스메틱,01169434,20210707
900310,컬러레이,01236286,20210924
900340,윙입푸드,01328639,20230425
950110,SBI핀테크솔루션즈,00938688,20200401
950130,엑세스바이오,00956028,20170630
950140,잉글우드랩,01165739,20230405
950160,코오롱티슈진,01245062,20200325
950170,JTC,01041828,20230601
950190,고스트스튜디오,01416235,20231019
950200,소마젠,01442115,20230403
950210,프레스티지바이오파마,01510489,20220414
950220,네오이뮨텍,01511558,20210316
